{"type":"FeatureCollection","features":[{"type":"Feature","id":"1","properties":{"code":"1","name":"Manhattan"},"geometry":{"type":"MultiPolygon","coordinates":[[[[-74.043506,40.6896874],[-74.0427043,40.6901552],[-74.0425537,40.6899628],[-74.0434675,40.689637],[-74.0436408,40.6887666],[-74.0443852,40.6885162],[-74.0462754,40.6893274],[-74.0468028,40.6899533],[-74.0474765,40.6896114],[-74.0477296,40.6899153],[-74.0474313,40.6898039],[-74.0468921,40.6900591],[-74.0472003,40.6904248],[-74.0471703,40.6909913],[-74.0461471,40.6911226],[-74.0438776,40.6901877],[-74.043506,40.6896874]]],[[[-74.0377112,40.699344],[-74.0380979,40.6990395],[-74.0382295,40.6983686],[-74.0390004,40.6983699],[-74.0393404,40.6981155],[-74.0412426,40.6995367],[-74.0417477,40.6991479],[-74.0399125,40.697702],[-74.0416605,40.696453],[-74.0436737,40.6980204],[-74.042704,40.6988006],[-74.0429651,40.6989994],[-74.0410986,40.7004929],[-74.0408008,40.7002685],[-74.0399504,40.7008906],[-74.0377112,40.699344]]],[[[-74.0154036,40.6930665],[-74.0153892,40.6932981],[-74.0151748,40.6932567],[-74.0152595,40.6930368],[-74.0151288,40.6932438],[-74.0149432,40.693141],[-74.0151561,40.6930155],[-74.0142212,40.6928229],[-74.0134356,40.6921154],[-74.0125026,40.6923036],[-74.0122973,40.6925683],[-74.0118492,40.6925182],[-74.0119031,40.6920906],[-74.0124614,40.6922126],[-74.0133351,40.6920121],[-74.0126086,40.6913641],[-74.0120342,40.6915031],[-74.0125975,40.6913343],[-74.0125278,40.6911463],[-74.0118258,40.6910648],[-74.012195,40.6910288],[-74.0119806,40.6906064],[-74.0122313,40.6904613],[-74.0123069,40.6892802],[-74.0131693,40.6881548],[-74.014881,40.6872546],[-74.0160473,40.687338],[-74.0170499,40.686876],[-74.0166466,40.6864163],[-74.0151439,40.686437],[-74.0166735,40.6863052],[-74.017121,40.6868433],[-74.0205437,40.6852721],[-74.0202069,40.6848338],[-74.0193984,40.6850874],[-74.0209526,40.6843844],[-74.0202782,40.6848091],[-74.0206127,40.6852404],[-74.0222408,40.6845184],[-74.0221185,40.684352],[-74.0225936,40.6843597],[-74.0221325,40.6837677],[-74.0230557,40.6829169],[-74.0231946,40.6830005],[-74.0223682,40.6837799],[-74.022759,40.6842844],[-74.0242154,40.6839442],[-74.0256718,40.6842365],[-74.0265764,40.6852417],[-74.0264258,40.6861753],[-74.0202053,40.6920339],[-74.0197331,40.6931141],[-74.0167476,40.6933434],[-74.0154036,40.6930665]]],[[[-74.0119326,40.6838877],[-74.012176,40.6840952],[-74.0083545,40.6864002],[-74.0081641,40.6861747],[-74.0109284,40.6844915],[-74.0119326,40.6838877]]],[[[-74.0056299,40.6867842],[-74.0078329,40.6873851],[-74.0074201,40.6882063],[-74.0050037,40.687606],[-74.0056299,40.6867842]]],[[[-74.0045927,40.6882152],[-74.0067844,40.6888269],[-74.0063646,40.6896697],[-74.0038204,40.6889296],[-74.0045927,40.6882152]]],[[[-74.0034092,40.6896133],[-74.005759,40.6902364],[-74.0053421,40.6910916],[-74.0029757,40.6904266],[-74.0034092,40.6896133]]],[[[-74.0017984,40.69227],[-74.0018112,40.692238],[-74.002161,40.6922381],[-74.0020633,40.692444],[-74.0019932,40.6923287],[-74.0017984,40.69227]]],[[[-74.0017436,40.6924067],[-74.004008,40.6932082],[-74.0034535,40.6940516],[-74.0012701,40.6932961],[-74.0015417,40.692786],[-74.0017436,40.6924067]]],[[[-74.0006991,40.6906119],[-74.0047942,40.6917616],[-74.0044094,40.6925288],[-74.0019694,40.6918432],[-74.0013256,40.6914631],[-74.0006991,40.6906119]]],[[[-74.0009587,40.6940691],[-74.0030139,40.6947778],[-74.002398,40.6957117],[-74.0002687,40.6949658],[-74.000783,40.6942865],[-74.0009587,40.6940691]]],[[[-73.9988712,40.6971576],[-74.001049,40.6979082],[-74.0004877,40.6987578],[-73.9983776,40.6980633],[-73.9988712,40.6971576]]],[[[-74.0000184,40.699466],[-73.9994746,40.7003228],[-73.997499,40.6996389],[-73.9979996,40.6987977],[-74.0000184,40.699466]]],[[[-73.9966977,40.700877],[-73.9981388,40.7015188],[-73.9961923,40.7033771],[-73.9951383,40.7029741],[-73.9962899,40.7014252],[-73.9966977,40.700877]]],[[[-73.9954456,40.7032753],[-73.9952935,40.7035541],[-73.9948004,40.703292],[-73.9950213,40.7031479],[-73.9954456,40.7032753]]],[[[-73.9948824,40.703788],[-73.9950293,40.7038082],[-73.994882,40.7040087],[-73.9947693,40.7039529],[-73.9948824,40.703788]]],[[[-73.9824229,40.7058221],[-73.9810239,40.7058989],[-73.9823021,40.705737],[-73.9823734,40.7055434],[-73.9824229,40.7058221]]],[[[-73.9665624,40.7180159],[-73.9665969,40.717968],[-73.9673074,40.7183131],[-73.9671824,40.7184831],[-73.967151,40.7183161],[-73.9665624,40.7180159]]],[[[-73.9663636,40.7190505],[-73.96576,40.718689],[-73.966636,40.7191301],[-73.9664914,40.7194362],[-73.9664432,40.7192432],[-73.9663636,40.7190505]]],[[[-73.9651174,40.7203163],[-73.9656766,40.720679],[-73.9655982,40.7207445],[-73.9650328,40.7203771],[-73.9651174,40.7203163]]],[[[-73.9643611,40.7204772],[-73.9643974,40.7204418],[-73.965031,40.7207908],[-73.964853,40.7209528],[-73.9648343,40.7207955],[-73.9643611,40.7204772]]],[[[-73.9642746,40.7205758],[-73.9649506,40.7214242],[-73.9648428,40.7214642],[-73.9642407,40.7206122],[-73.9642746,40.7205758]]],[[[-73.9644452,40.7464104],[-73.9645832,40.7464544],[-73.9641598,40.7468655],[-73.9642123,40.7466043],[-73.9644452,40.7464104]]],[[[-73.9640659,40.7207999],[-73.964375,40.7209926],[-73.9643085,40.7210557],[-73.9640262,40.7208809],[-73.9640659,40.7207999]]],[[[-73.9620074,40.7239919],[-73.9620727,40.7238803],[-73.9624679,40.7241316],[-73.962366,40.7242091],[-73.9620074,40.7239919]]],[[[-73.9616745,40.7314813],[-73.9636594,40.7312498],[-73.9636994,40.7314366],[-73.9619704,40.7315771],[-73.9616745,40.7314813]]],[[[-73.9612826,40.730061],[-73.9625493,40.7297441],[-73.9622523,40.7299856],[-73.9612845,40.7301591],[-73.9612826,40.730061]]],[[[-73.9605686,40.7440297],[-73.960672,40.7440512],[-73.9606486,40.7441303],[-73.9605173,40.7441053],[-73.9605686,40.7440297]]],[[[-73.9575189,40.7483036],[-73.9578395,40.748338],[-73.9576883,40.748535],[-73.9576358,40.7484063],[-73.9575189,40.7483036]]],[[[-73.9428553,40.7683035],[-73.9494318,40.7605486],[-73.9517782,40.7584025],[-73.9525408,40.7570953],[-73.9532201,40.7564268],[-73.9579145,40.7521099],[-73.9609059,40.749802],[-73.9613285,40.749601],[-73.9615386,40.7497231],[-73.9590162,40.7535951],[-73.9584584,40.7539492],[-73.9533914,40.7597968],[-73.9520863,40.7608622],[-73.9509373,40.7625705],[-73.9490863,40.764264],[-73.9457036,40.7683279],[-73.945563,40.7688018],[-73.9452451,40.7687733],[-73.9447248,40.7697863],[-73.9421267,40.7720347],[-73.9408871,40.7723725],[-73.9401796,40.7729593],[-73.9400116,40.7728424],[-73.9402821,40.7723014],[-73.9402799,40.7706707],[-73.9411178,40.7694144],[-73.9418003,40.7690469],[-73.9428553,40.7683035]]],[[[-73.9377945,40.7807813],[-73.9376463,40.7810012],[-73.9375989,40.7804678],[-73.9382377,40.7802591],[-73.938612,40.780339],[-73.9395302,40.7795276],[-73.9394933,40.7798737],[-73.938728,40.7805107],[-73.9387442,40.7810439],[-73.9380821,40.7814184],[-73.9380464,40.7808295],[-73.9377945,40.7807813]]],[[[-73.9355662,40.7716291],[-73.935852,40.771716],[-73.9356983,40.7717669],[-73.935568,40.7719188],[-73.9355662,40.7716291]]],[[[-73.9264578,40.8772582],[-73.9261929,40.8770644],[-73.9245704,40.8774289],[-73.9232948,40.8772644],[-73.9223977,40.8767802],[-73.9226138,40.8744073],[-73.9221768,40.8736751],[-73.9212554,40.8730824],[-73.920556,40.8729988],[-73.919793,40.8736065],[-73.9208026,40.8741941],[-73.9207001,40.8743919],[-73.9211819,40.8751378],[-73.9208061,40.8754775],[-73.9188753,40.874679],[-73.9192744,40.8736519],[-73.9189285,40.8733165],[-73.9183914,40.8732088],[-73.9186125,40.8734725],[-73.9175773,40.8745487],[-73.9178714,40.873905],[-73.9164357,40.8745097],[-73.915224,40.8744866],[-73.9126107,40.8737573],[-73.911426,40.8731818],[-73.9106488,40.8722962],[-73.9104264,40.8714854],[-73.9107236,40.8709488],[-73.9109249,40.8694366],[-73.9114745,40.8694548],[-73.9110755,40.8690432],[-73.9127317,40.8666052],[-73.9125478,40.8665149],[-73.9139186,40.8647456],[-73.9149239,40.8645804],[-73.9144111,40.8641736],[-73.9150858,40.8644481],[-73.9158991,40.864308],[-73.9158715,40.8641291],[-73.9151957,40.8639452],[-73.9153867,40.8630844],[-73.9172947,40.8616794],[-73.9195021,40.8587911],[-73.9204787,40.8591041],[-73.9212709,40.860188],[-73.9215901,40.8600728],[-73.9218663,40.8591813],[-73.9213067,40.8588993],[-73.9209146,40.858219],[-73.921144,40.8575512],[-73.922377,40.8565836],[-73.9223446,40.8556823],[-73.9216984,40.8566723],[-73.9215189,40.8566012],[-73.9244407,40.8528405],[-73.9297185,40.8452318],[-73.9308947,40.8425383],[-73.9349153,40.8352308],[-73.9351566,40.8326824],[-73.9338301,40.8197197],[-73.9338651,40.8141532],[-73.9343386,40.8095622],[-73.9335612,40.8076007],[-73.9303088,40.803786],[-73.9290349,40.8010809],[-73.9290364,40.7967626],[-73.9292794,40.7958531],[-73.9301966,40.7945932],[-73.9334849,40.7927742],[-73.9358311,40.7910947],[-73.937081,40.7893664],[-73.9361269,40.7889269],[-73.936243,40.7887958],[-73.9371497,40.7891684],[-73.9381157,40.7871848],[-73.9398262,40.7852566],[-73.9432399,40.7833279],[-73.9436482,40.7826562],[-73.9438807,40.781532],[-73.9436005,40.7801591],[-73.9434388,40.7797632],[-73.9424022,40.7800263],[-73.9421124,40.779447],[-73.9427297,40.7792572],[-73.9430025,40.7788529],[-73.9424574,40.7774075],[-73.9422805,40.7773474],[-73.9423354,40.7777688],[-73.9421198,40.7772556],[-73.942434,40.7773005],[-73.9420742,40.7769178],[-73.9420027,40.7761853],[-73.9429304,40.7746763],[-73.9486642,40.7688576],[-73.9544183,40.7621841],[-73.959181,40.7578561],[-73.9606564,40.7559231],[-73.9622313,40.7545221],[-73.9681738,40.7476668],[-73.968943,40.7465183],[-73.9707883,40.7444062],[-73.9709406,40.7444714],[-73.9711144,40.7442044],[-73.9707032,40.7439905],[-73.9711735,40.7441075],[-73.9713575,40.7438385],[-73.9712055,40.7437715],[-73.9718889,40.7427248],[-73.9722169,40.7403076],[-73.9726574,40.7392228],[-73.9724899,40.7358033],[-73.9728694,40.7357709],[-73.9744139,40.7364144],[-73.9740269,40.7361258],[-73.9744665,40.7362785],[-73.9745038,40.7360646],[-73.9741406,40.7359557],[-73.9745049,40.7360423],[-73.9745146,40.7358946],[-73.9742498,40.7357972],[-73.9744654,40.7356669],[-73.973057,40.7351775],[-73.9729303,40.7356076],[-73.9727631,40.7355051],[-73.9729452,40.7350652],[-73.973299,40.7352424],[-73.9735447,40.7349443],[-73.9744407,40.7353168],[-73.9739591,40.7334212],[-73.9736763,40.7332059],[-73.9738681,40.7330657],[-73.9734132,40.7312824],[-73.9719634,40.7300004],[-73.9714799,40.7292496],[-73.9716851,40.7274059],[-73.9714904,40.7273501],[-73.9735719,40.7185972],[-73.974909,40.7151122],[-73.9767122,40.7115358],[-73.9779967,40.710561],[-73.9812865,40.7102183],[-73.9812458,40.7098262],[-73.9883906,40.7091269],[-73.9887972,40.7099666],[-73.9980835,40.7085096],[-74.0011869,40.7068598],[-74.0009828,40.7064167],[-74.0014067,40.7061794],[-74.0005924,40.7054101],[-74.0014544,40.7048733],[-74.0020614,40.705417],[-74.0025697,40.7055236],[-74.0019707,40.7047379],[-74.0024307,40.7046779],[-74.0033231,40.7056286],[-74.0038333,40.7053032],[-74.002629,40.704223],[-74.0028669,40.7040752],[-74.0040567,40.7051474],[-74.0065959,40.7036859],[-74.0053041,40.7025599],[-74.0054943,40.7024314],[-74.006785,40.7035681],[-74.0092907,40.7019301],[-74.0086996,40.7011399],[-74.0077555,40.701548],[-74.0075914,40.7013281],[-74.0085361,40.7009197],[-74.0083493,40.7006693],[-74.0086204,40.7005522],[-74.0095848,40.7018374],[-74.0111809,40.7014514],[-74.0112898,40.70125],[-74.0108153,40.7002004],[-74.0111503,40.7008984],[-74.0113584,40.700852],[-74.0113341,40.7005684],[-74.0115029,40.7008151],[-74.0117293,40.7007701],[-74.0116315,40.7004582],[-74.0118538,40.7007389],[-74.0120867,40.7006813],[-74.011962,40.7000375],[-74.0123916,40.7006205],[-74.0125939,40.7005708],[-74.0126138,40.7001083],[-74.0131075,40.7005075],[-74.013113,40.6997742],[-74.0132735,40.7004969],[-74.0134856,40.7004782],[-74.0135329,40.7001082],[-74.0136748,40.7001258],[-74.0135583,40.7009399],[-74.0139515,40.700991],[-74.0142206,40.7001115],[-74.0142892,40.7006441],[-74.0146712,40.7002104],[-74.0143238,40.7006613],[-74.0146432,40.7008173],[-74.0150682,40.7003183],[-74.0146737,40.7008346],[-74.0150211,40.7009925],[-74.0151423,40.7008429],[-74.0157935,40.7013469],[-74.0171451,40.7027053],[-74.0176688,40.7035913],[-74.0178784,40.7035385],[-74.0176713,40.7036064],[-74.0175704,40.7041839],[-74.0177945,40.7042349],[-74.0177505,40.7040549],[-74.0178176,40.7039379],[-74.0178444,40.704242],[-74.018447,40.7041624],[-74.0186589,40.7044288],[-74.0174809,40.7046673],[-74.018113,40.7045536],[-74.0188875,40.7047291],[-74.0193425,40.7060937],[-74.0191228,40.7069758],[-74.0186306,40.7071397],[-74.0188489,40.7069703],[-74.0185351,40.7069183],[-74.0181903,40.7078216],[-74.018855,40.7080475],[-74.0177701,40.7128346],[-74.0178004,40.7123451],[-74.0166242,40.7121573],[-74.0163201,40.713408],[-74.0175795,40.7135955],[-74.017725,40.7130702],[-74.0167102,40.7186242],[-74.0132132,40.7183157],[-74.0130681,40.7189222],[-74.0129089,40.7197349],[-74.0134551,40.7198017],[-74.0134138,40.7200195],[-74.0163785,40.7203766],[-74.0163057,40.720727],[-74.0129998,40.7203331],[-74.0128973,40.720868],[-74.0156947,40.7212064],[-74.0156225,40.7215435],[-74.0131607,40.721254],[-74.0131166,40.7214737],[-74.0136352,40.7215166],[-74.0136156,40.7215862],[-74.0125388,40.7215032],[-74.0116533,40.7258718],[-74.0152043,40.7263619],[-74.0151236,40.7267939],[-74.011542,40.7264473],[-74.0113832,40.7282293],[-74.0143907,40.728463],[-74.014038,40.7306942],[-74.011162,40.7304507],[-74.0109412,40.7330078],[-74.0140022,40.733068],[-74.0139996,40.7333323],[-74.0109039,40.7332976],[-74.0107342,40.7334426],[-74.0108328,40.7340071],[-74.0120179,40.7340637],[-74.0120012,40.7343384],[-74.0108136,40.7342834],[-74.0104766,40.7380639],[-74.0110871,40.7380928],[-74.0111392,40.7383899],[-74.0104543,40.7383645],[-74.010393,40.7391743],[-74.0115805,40.7392645],[-74.0114607,40.7405842],[-74.0121574,40.740606],[-74.0126593,40.7407476],[-74.0094915,40.7407427],[-74.0094114,40.7411541],[-74.0096192,40.7413636],[-74.0102082,40.7416075],[-74.0103836,40.7413979],[-74.0113961,40.7418228],[-74.0108399,40.7425967],[-74.010291,40.7423585],[-74.0101256,40.7425758],[-74.0091919,40.7422926],[-74.0090916,40.7428861],[-74.0096202,40.7429512],[-74.0095846,40.7432635],[-74.0121481,40.7435593],[-74.0120209,40.7439398],[-74.009512,40.7436761],[-74.009438,40.7439713],[-74.0089003,40.7439179],[-74.0087299,40.7448815],[-74.0096123,40.7449979],[-74.0095583,40.7452888],[-74.0099166,40.7453273],[-74.0098721,40.7449165],[-74.0101679,40.7449423],[-74.009974,40.7453231],[-74.0104692,40.7453868],[-74.0104194,40.7449768],[-74.0107642,40.745005],[-74.0105311,40.7453821],[-74.0111036,40.7454477],[-74.0110446,40.7450462],[-74.0113877,40.7450731],[-74.0111542,40.7454464],[-74.0117396,40.7455199],[-74.0116707,40.745114],[-74.0118364,40.745126],[-74.0117828,40.7456016],[-74.0116789,40.7459795],[-74.0094639,40.7457501],[-74.0093636,40.7463356],[-74.0115912,40.7466015],[-74.0114837,40.7469906],[-74.0092431,40.7467628],[-74.0091374,40.7473598],[-74.0114067,40.7476306],[-74.0113035,40.7480146],[-74.0090585,40.7477856],[-74.0089461,40.7484119],[-74.0112156,40.748678],[-74.0111089,40.7490499],[-74.0099482,40.748932],[-74.0095617,40.74997],[-74.0092534,40.7499852],[-74.0091045,40.7503711],[-74.0106774,40.7510227],[-74.0105646,40.7513215],[-74.009001,40.7506482],[-74.0085326,40.7518836],[-74.0093409,40.7523556],[-74.008479,40.7520186],[-74.0084264,40.7521579],[-74.0099906,40.7528162],[-74.0099706,40.7529336],[-74.0087921,40.7523521],[-74.0086879,40.752494],[-74.0083535,40.7523507],[-74.007744,40.7543368],[-74.0054189,40.7573231],[-74.0052119,40.757232],[-74.0048039,40.7578098],[-74.0052789,40.7580286],[-74.0050311,40.758357],[-74.0070036,40.7592319],[-74.0065069,40.759892],[-74.0045048,40.759085],[-74.0042063,40.7595017],[-74.0039074,40.7593757],[-74.0038066,40.7595107],[-74.0043189,40.7599107],[-74.0036689,40.759706],[-74.0035725,40.7598466],[-74.0039285,40.760003],[-74.0031334,40.7610783],[-74.0027869,40.760929],[-74.0023353,40.7615437],[-74.0045564,40.7625243],[-74.0043998,40.7626714],[-74.0022008,40.7617284],[-74.0015331,40.7626446],[-74.0037574,40.7635822],[-74.0036121,40.763777],[-74.001386,40.7628501],[-74.0009731,40.7634203],[-74.0031498,40.7643329],[-74.0029481,40.7646168],[-74.0031465,40.7647363],[-73.9999271,40.7634065],[-73.9996226,40.7635591],[-73.999151,40.7642053],[-74.002288,40.7655615],[-74.0020245,40.7658933],[-73.9988847,40.7645694],[-73.9985764,40.7649986],[-73.9986887,40.7652086],[-73.9982709,40.7655522],[-74.0015618,40.7669965],[-74.0013147,40.7672511],[-73.9980668,40.7658719],[-73.9973781,40.7668234],[-74.0006495,40.7682452],[-74.0003859,40.7685042],[-73.9971559,40.7671287],[-73.9964572,40.7680988],[-73.9997359,40.7695062],[-73.9994725,40.7697642],[-73.9970718,40.7687326],[-73.9965713,40.7694246],[-73.9990268,40.7704633],[-73.9987621,40.7708251],[-73.9963133,40.7697988],[-73.9954247,40.7710316],[-73.9960018,40.7713075],[-73.9958999,40.7714503],[-73.9953057,40.771196],[-73.994935,40.7714681],[-73.9949769,40.7716588],[-73.9970733,40.7725429],[-73.9968729,40.7728175],[-73.9947741,40.7719295],[-73.994445,40.7723771],[-73.9962297,40.773129],[-73.9961209,40.7732754],[-73.9941633,40.7724872],[-73.9938311,40.7729318],[-73.9941367,40.7729019],[-73.9950233,40.7734812],[-73.9950503,40.7732972],[-73.9962407,40.7737898],[-73.9961795,40.773987],[-73.9939369,40.7731795],[-73.9926227,40.7749741],[-73.9922671,40.775116],[-73.9920591,40.7754976],[-73.992386,40.7755572],[-73.9909272,40.7775669],[-73.9903962,40.7775851],[-73.9888686,40.7796929],[-73.9915511,40.7795748],[-73.9914198,40.7797553],[-73.9888861,40.7798789],[-73.9889193,40.7802261],[-73.9880764,40.7816509],[-73.9854658,40.7853607],[-73.9861727,40.7860685],[-73.987119,40.7852103],[-73.9861284,40.786239],[-73.9854293,40.7854139],[-73.9850811,40.7859219],[-73.9857657,40.7861963],[-73.9856829,40.7863098],[-73.985017,40.7860142],[-73.9846551,40.7865347],[-73.9859496,40.7864871],[-73.9846194,40.786586],[-73.972051,40.8045304],[-73.9685575,40.8090729],[-73.9641408,40.8157717],[-73.9599989,40.8203829],[-73.9598146,40.8202979],[-73.9591306,40.821169],[-73.9594262,40.8212524],[-73.9591469,40.8215713],[-73.9590896,40.8212062],[-73.9588189,40.8215185],[-73.9590002,40.8224097],[-73.9592298,40.8222869],[-73.95991,40.8225711],[-73.9596033,40.8229947],[-73.9589261,40.8227118],[-73.9590495,40.8225413],[-73.9585273,40.8218438],[-73.9582002,40.8222831],[-73.957939,40.8227744],[-73.9582284,40.8228879],[-73.9581431,40.8230207],[-73.9595558,40.8236938],[-73.957259,40.8271173],[-73.9569487,40.8270006],[-73.9563178,40.8279442],[-73.9550391,40.8274134],[-73.9546974,40.8279184],[-73.9545419,40.8278615],[-73.9511918,40.8326392],[-73.9502122,40.8343031],[-73.9484286,40.8398609],[-73.9461242,40.8438925],[-73.9461717,40.8453929],[-73.9465173,40.8459952],[-73.9463508,40.8462403],[-73.9468245,40.8471343],[-73.9466355,40.8489124],[-73.9469644,40.8504655],[-73.9465023,40.8509757],[-73.946275,40.850841],[-73.9461174,40.8511726],[-73.9456528,40.8512111],[-73.9446672,40.8519212],[-73.9443252,40.8518226],[-73.9434798,40.8522819],[-73.94187,40.8538677],[-73.9402935,40.8566418],[-73.9340166,40.8650355],[-73.9326633,40.8672371],[-73.9328396,40.8674153],[-73.9325979,40.8673113],[-73.9324254,40.8675682],[-73.9322677,40.8685623],[-73.9324921,40.8686775],[-73.9326508,40.868465],[-73.9325235,40.8687221],[-73.9322543,40.8686834],[-73.932568,40.8690444],[-73.932189,40.869367],[-73.9324688,40.8694761],[-73.9323537,40.8697553],[-73.9323593,40.8695074],[-73.9321334,40.869416],[-73.9320534,40.8696008],[-73.932206,40.8700964],[-73.9319138,40.8711295],[-73.9299769,40.874339],[-73.9290135,40.8757387],[-73.9264056,40.8776215],[-73.9264578,40.8772582]],[[-74.010088,40.7424882],[-74.0101983,40.7423338],[-74.0098223,40.7421661],[-74.0101656,40.7416723],[-74.0093617,40.7414236],[-74.0093713,40.7421852],[-74.010088,40.7424882]]],[[[-73.923637,40.8788154],[-73.9236792,40.8788261],[-73.9236297,40.8789639],[-73.9235974,40.8788987],[-73.923637,40.8788154]]],[[[-73.9203147,40.7993755],[-73.9166299,40.7978581],[-73.9154547,40.7970635],[-73.9144383,40.7956655],[-73.9138043,40.7945118],[-73.9137839,40.7938363],[-73.9151413,40.7920125],[-73.9163057,40.7911175],[-73.9161709,40.7910143],[-73.9168654,40.7903621],[-73.9171062,40.7904686],[-73.918563,40.7896953],[-73.9185088,40.7894251],[-73.922191,40.7855107],[-73.922852,40.7835557],[-73.9244805,40.7823205],[-73.9257181,40.7821766],[-73.9273242,40.7810906],[-73.9281012,40.7809203],[-73.9310535,40.7823966],[-73.9350235,40.7830064],[-73.9360706,40.7842172],[-73.9357127,40.7856805],[-73.9324015,40.7897203],[-73.9308418,40.7909914],[-73.929724,40.7913662],[-73.9280727,40.7908234],[-73.9261041,40.7907316],[-73.9261594,40.7917154],[-73.9265677,40.7918581],[-73.9255873,40.7918208],[-73.926738,40.7919284],[-73.9263674,40.7916614],[-73.926488,40.7910223],[-73.9278933,40.7909788],[-73.9271356,40.7919293],[-73.9278014,40.7919975],[-73.9282672,40.7923285],[-73.9283429,40.7929181],[-73.9269361,40.7954971],[-73.9271181,40.7972039],[-73.9271851,40.7973499],[-73.9277069,40.7972987],[-73.927203,40.7973867],[-73.9274759,40.7981229],[-73.9266957,40.800147],[-73.9272477,40.800393],[-73.9271146,40.8005638],[-73.9271693,40.8004059],[-73.9266657,40.8001827],[-73.9265524,40.8006048],[-73.9268691,40.8007837],[-73.9270464,40.8006517],[-73.9268861,40.8008406],[-73.9265095,40.800657],[-73.9257755,40.8017306],[-73.9252752,40.8019985],[-73.9226338,40.8018687],[-73.9219109,40.8015027],[-73.9213375,40.8008521],[-73.9203147,40.7993755]]],[[[-73.9077427,40.872846],[-73.9084637,40.8726208],[-73.9089324,40.8721573],[-73.9097169,40.8732046],[-73.9109212,40.8741464],[-73.9157852,40.8757169],[-73.9148462,40.8766667],[-73.9120583,40.8781193],[-73.9114891,40.8790189],[-73.9103319,40.879038],[-73.9094983,40.8787767],[-73.9070375,40.8768952],[-73.906651,40.8757525],[-73.9077427,40.872846]]]]}},{"type":"Feature","id":"2","properties":{"code":"2","name":"Bronx"},"geometry":{"type":"MultiPolygon","coordinates":[[[[-73.8964667,40.8007905],[-73.8986404,40.7991012],[-73.90021,40.7992642],[-73.8997874,40.7995096],[-73.8997156,40.8007988],[-73.9000374,40.8009087],[-73.8994892,40.8009011],[-73.8993875,40.8019357],[-73.8983304,40.8024128],[-73.8964667,40.8007905]]],[[[-73.8969387,40.7956359],[-73.8979684,40.7956448],[-73.8991943,40.7965025],[-73.8978825,40.7971165],[-73.8971315,40.7967981],[-73.8967853,40.7963292],[-73.8968088,40.7958084],[-73.8969387,40.7956359]]],[[[-73.8882135,40.7986653],[-73.8883925,40.7985663],[-73.8882335,40.7982429],[-73.8875597,40.7983687],[-73.8866511,40.7980382],[-73.883716,40.7956898],[-73.8836618,40.7959683],[-73.8832039,40.795545],[-73.8820963,40.7951599],[-73.8797575,40.7948837],[-73.8779752,40.7943598],[-73.8758308,40.7931501],[-73.8748527,40.7922607],[-73.8722188,40.7910369],[-73.8712115,40.7900361],[-73.8707857,40.7879965],[-73.8716307,40.7867979],[-73.8734276,40.7857618],[-73.8762913,40.7858485],[-73.8783068,40.7853566],[-73.8853744,40.7866691],[-73.8877013,40.7868723],[-73.8890521,40.7873726],[-73.8903014,40.7898767],[-73.8908,40.7902076],[-73.8916059,40.7901607],[-73.8921818,40.7903943],[-73.8928228,40.7928171],[-73.8917929,40.7967752],[-73.8907314,40.7976609],[-73.8908742,40.7978297],[-73.8906215,40.7977489],[-73.8907951,40.7980218],[-73.8906079,40.7977675],[-73.8901692,40.7979647],[-73.8892128,40.7978012],[-73.8883525,40.7981394],[-73.8885129,40.7985905],[-73.8888515,40.7987063],[-73.8882135,40.7986653]]],[[[-73.8594678,40.9005172],[-73.8590769,40.901008],[-73.859377,40.9015652],[-73.859027,40.9014449],[-73.858864,40.9017117],[-73.8594639,40.9019339],[-73.8595788,40.9024408],[-73.8592643,40.9026695],[-73.8587282,40.902289],[-73.85816,40.9023057],[-73.8579693,40.9028509],[-73.8575597,40.9029178],[-73.8571109,40.9036495],[-73.8569916,40.9045842],[-73.8574346,40.9048415],[-73.8571777,40.9052865],[-73.8566544,40.905055],[-73.8560102,40.905306],[-73.8560116,40.9054821],[-73.8565025,40.9055638],[-73.856924,40.9059742],[-73.8568101,40.9061558],[-73.8558046,40.9062644],[-73.8551379,40.9068669],[-73.8542378,40.9070329],[-73.853741,40.9077879],[-73.8538336,40.9079743],[-73.8547108,40.9080063],[-73.8549111,40.9083549],[-73.8545894,40.9089395],[-73.8536006,40.9096067],[-73.8529562,40.910353],[-73.8525847,40.9103106],[-73.8526604,40.9100152],[-73.8522745,40.9098541],[-73.8514475,40.9104497],[-73.8510712,40.9103715],[-73.8534752,40.9075303],[-73.8509206,40.9066165],[-73.8501732,40.9075079],[-73.8470803,40.9061567],[-73.8448189,40.9055299],[-73.8448926,40.9041909],[-73.8413869,40.9041727],[-73.8407786,40.9016279],[-73.8392183,40.8994184],[-73.8396481,40.8973305],[-73.838392,40.894067],[-73.8380428,40.8941423],[-73.8352579,40.8933916],[-73.8225238,40.8894288],[-73.8225529,40.8898064],[-73.8233744,40.8899218],[-73.82337,40.8909673],[-73.8228534,40.8912068],[-73.8182774,40.8898471],[-73.7930065,40.8833587],[-73.7949171,40.8805438],[-73.7955458,40.880691],[-73.795026,40.8797478],[-73.796251,40.877012],[-73.797127,40.8761904],[-73.7974382,40.8751353],[-73.7985533,40.8744014],[-73.7989125,40.8746459],[-73.7998139,40.8741598],[-73.7998771,40.8734847],[-73.8008052,40.8714941],[-73.8017852,40.8710678],[-73.8020919,40.8708468],[-73.8021168,40.8703751],[-73.802673,40.8701545],[-73.8026048,40.8693431],[-73.8029785,40.8687433],[-73.8033504,40.8689769],[-73.8036172,40.8687791],[-73.8039253,40.8690274],[-73.8040718,40.8687398],[-73.8044794,40.868712],[-73.8049923,40.8691453],[-73.8059443,40.8689298],[-73.8056919,40.8695535],[-73.8067043,40.8704198],[-73.807858,40.8708697],[-73.8078635,40.8711318],[-73.8079643,40.8710033],[-73.8086978,40.8713428],[-73.8092442,40.8712246],[-73.8084102,40.8709278],[-73.8087255,40.8704327],[-73.8075406,40.8703776],[-73.8075684,40.8701253],[-73.8087094,40.8690869],[-73.8078539,40.8697298],[-73.8067296,40.8695296],[-73.80695,40.8688591],[-73.8065958,40.8688947],[-73.8067419,40.8687339],[-73.8062608,40.8684243],[-73.8048727,40.8682333],[-73.8047357,40.8666551],[-73.8038528,40.8671665],[-73.8029139,40.8669782],[-73.8030813,40.8660744],[-73.803007,40.865749],[-73.8027154,40.8656592],[-73.802053,40.865672],[-73.8017726,40.8658768],[-73.8017523,40.8664148],[-73.8007007,40.8681409],[-73.7999639,40.8688753],[-73.7983928,40.8716148],[-73.7977404,40.8723452],[-73.7947904,40.8732005],[-73.7939736,40.8745666],[-73.7935961,40.8767207],[-73.793167,40.8770556],[-73.7942217,40.8773824],[-73.7944029,40.8776418],[-73.793847,40.8785945],[-73.7929988,40.8791469],[-73.7928939,40.8795771],[-73.7921907,40.8795901],[-73.791731,40.8800515],[-73.7909524,40.8800739],[-73.7906312,40.8803783],[-73.7907616,40.8808408],[-73.7891405,40.8812619],[-73.7890729,40.8808091],[-73.7893184,40.8805787],[-73.7891202,40.8800802],[-73.7900633,40.8795947],[-73.7895231,40.8789981],[-73.7882731,40.8788736],[-73.7861147,40.8790579],[-73.7852362,40.8786196],[-73.784433,40.8785276],[-73.7842172,40.8782818],[-73.7844973,40.8769143],[-73.7848103,40.8768653],[-73.7846795,40.8760609],[-73.7852535,40.8757001],[-73.7854037,40.8753377],[-73.7856956,40.8754102],[-73.7859623,40.8751387],[-73.7862492,40.8744779],[-73.7861064,40.8743538],[-73.7865394,40.8743066],[-73.7869106,40.8739875],[-73.7871369,40.8727605],[-73.7862487,40.8723828],[-73.7850814,40.87359],[-73.7855346,40.872544],[-73.7855473,40.872024],[-73.7852197,40.8716348],[-73.7840152,40.8737679],[-73.7834067,40.8737172],[-73.7833612,40.8732561],[-73.783951,40.8728963],[-73.7837498,40.8724996],[-73.7830685,40.8721536],[-73.7832861,40.8706989],[-73.7848846,40.869514],[-73.7856025,40.8683417],[-73.7855831,40.8691722],[-73.7859512,40.8693218],[-73.7885834,40.8691711],[-73.7902559,40.8684922],[-73.7915313,40.867318],[-73.7922303,40.8652573],[-73.7920646,40.8636292],[-73.7914629,40.8622744],[-73.7918907,40.8610712],[-73.7935953,40.8605173],[-73.7938554,40.8601461],[-73.7937194,40.8599672],[-73.7941204,40.8596963],[-73.7941217,40.8593177],[-73.7948747,40.8580756],[-73.7942733,40.8568007],[-73.7943501,40.856527],[-73.7968546,40.8562644],[-73.7979853,40.8548489],[-73.7987226,40.8549144],[-73.7990242,40.8539573],[-73.7986427,40.8533575],[-73.7979558,40.8529883],[-73.7978052,40.8519496],[-73.7981937,40.8505926],[-73.7993204,40.8499128],[-73.8002903,40.8481449],[-73.8008254,40.848243],[-73.8014674,40.8487702],[-73.8019706,40.8503827],[-73.8041756,40.8533401],[-73.8045253,40.8548519],[-73.8035236,40.8555567],[-73.8042059,40.858959],[-73.8046429,40.8599682],[-73.8047864,40.8615385],[-73.8054132,40.8618378],[-73.8060109,40.8617731],[-73.8062457,40.8614275],[-73.8058204,40.8600346],[-73.8065563,40.8598179],[-73.8074143,40.8601144],[-73.8081787,40.8594867],[-73.8094063,40.860548],[-73.8108502,40.862332],[-73.8132742,40.8632208],[-73.8137278,40.8638714],[-73.8140409,40.8638604],[-73.8139586,40.8641027],[-73.81438,40.8632544],[-73.8151032,40.8630575],[-73.8164139,40.8611806],[-73.8154929,40.8609553],[-73.8147963,40.861129],[-73.8148521,40.860901],[-73.813818,40.8605483],[-73.8127315,40.8588775],[-73.812306,40.854162],[-73.8164087,40.8540823],[-73.8171484,40.8523024],[-73.8171904,40.8517699],[-73.8169154,40.8516735],[-73.8171241,40.8512696],[-73.8168587,40.8509574],[-73.8157138,40.8508162],[-73.8162862,40.8501946],[-73.8155203,40.8492279],[-73.815131,40.8491725],[-73.8153234,40.8485776],[-73.8159028,40.8480131],[-73.8156045,40.8476587],[-73.8160967,40.8475121],[-73.8161054,40.8464545],[-73.815719,40.8462934],[-73.8154587,40.846603],[-73.8146273,40.8471428],[-73.8146459,40.8472196],[-73.8145111,40.8471061],[-73.8157035,40.8462913],[-73.8149227,40.8464835],[-73.8136863,40.8472743],[-73.8135637,40.8471514],[-73.8149086,40.8464688],[-73.8144235,40.8461878],[-73.8150263,40.8455],[-73.8142057,40.8460102],[-73.8139904,40.8458269],[-73.8131887,40.8462295],[-73.814032,40.8455893],[-73.8136859,40.8456591],[-73.8139428,40.8455116],[-73.8136326,40.8452808],[-73.8133591,40.8458455],[-73.8132893,40.845951],[-73.813213,40.8459229],[-73.8136186,40.845275],[-73.81326,40.845234],[-73.8128494,40.8463188],[-73.8132433,40.8452359],[-73.8131005,40.8451724],[-73.812877,40.8451347],[-73.813156,40.8452121],[-73.8128554,40.8451863],[-73.8124145,40.8465594],[-73.8122779,40.8465435],[-73.8128414,40.8451802],[-73.8126138,40.8451095],[-73.8128577,40.8451295],[-73.8125446,40.8449796],[-73.8118846,40.846595],[-73.8124363,40.8467377],[-73.8116997,40.8466817],[-73.8126614,40.8442076],[-73.8127124,40.8444665],[-73.8128212,40.8442596],[-73.8127612,40.8444733],[-73.8129912,40.8445225],[-73.8127034,40.8444853],[-73.8126489,40.8446595],[-73.813118,40.8447876],[-73.812641,40.8446817],[-73.8125491,40.8449523],[-73.8136785,40.845057],[-73.8141673,40.8447809],[-73.8136998,40.8448485],[-73.8141833,40.8446822],[-73.813466,40.8442632],[-73.8134796,40.8436511],[-73.8149996,40.8435045],[-73.8152154,40.8440782],[-73.8156729,40.8444288],[-73.8163057,40.8443992],[-73.8164358,40.8440649],[-73.8169935,40.844089],[-73.8175007,40.8443674],[-73.8182407,40.8443421],[-73.8181909,40.8441131],[-73.8176899,40.8442685],[-73.817187,40.843916],[-73.8166268,40.8439449],[-73.815723,40.8425366],[-73.8151711,40.8425772],[-73.8157021,40.8425197],[-73.815415,40.8423913],[-73.8155849,40.8418413],[-73.8152626,40.8412598],[-73.8147335,40.8413757],[-73.8152203,40.8412027],[-73.815234,40.8410096],[-73.8149048,40.8405594],[-73.8148065,40.8398044],[-73.814366,40.8398654],[-73.814797,40.839788],[-73.8147232,40.8395889],[-73.8143158,40.8396495],[-73.814309,40.8396224],[-73.81472,40.8395719],[-73.8147828,40.8390765],[-73.8160228,40.8385264],[-73.8164788,40.837704],[-73.8160607,40.8360302],[-73.8155034,40.8359532],[-73.8160634,40.8357729],[-73.8160077,40.8355126],[-73.815574,40.8355251],[-73.8160819,40.8353612],[-73.816084,40.8345903],[-73.8156636,40.8344908],[-73.8159935,40.8343958],[-73.8160375,40.8341686],[-73.8148794,40.8310301],[-73.8144922,40.8311711],[-73.8148431,40.8309861],[-73.8145201,40.8306229],[-73.8139143,40.8309243],[-73.8138978,40.8309076],[-73.8145102,40.830614],[-73.8143092,40.8303593],[-73.8138567,40.8305614],[-73.8142996,40.8303501],[-73.8138678,40.8298574],[-73.813703,40.829933],[-73.8136683,40.8298913],[-73.8138897,40.8297775],[-73.8135667,40.8295895],[-73.8136111,40.8293768],[-73.8133769,40.8293912],[-73.8133877,40.8290231],[-73.8129032,40.8289531],[-73.8131801,40.8288029],[-73.812839,40.8286467],[-73.8127547,40.8282482],[-73.809928,40.8281932],[-73.8100958,40.8278195],[-73.8102968,40.8279909],[-73.8110545,40.8279848],[-73.8110488,40.8278408],[-73.8102536,40.8278339],[-73.8100379,40.8277816],[-73.8118244,40.8278288],[-73.8110733,40.8278416],[-73.8110733,40.8279844],[-73.8115914,40.8279992],[-73.8126398,40.8278364],[-73.8126521,40.8275588],[-73.8138497,40.8268035],[-73.8137221,40.8262716],[-73.8129178,40.8263504],[-73.8139911,40.8260696],[-73.8139505,40.8257292],[-73.813421,40.825925],[-73.8139416,40.825717],[-73.8137952,40.8252981],[-73.8133352,40.8251709],[-73.8121135,40.8255526],[-73.8132774,40.8251613],[-73.8130822,40.8249445],[-73.8140375,40.8244835],[-73.8139711,40.8241903],[-73.8132742,40.8239667],[-73.8128103,40.8243391],[-73.8127334,40.8247785],[-73.8123201,40.8244113],[-73.8117728,40.8243398],[-73.8116436,40.8246017],[-73.8110315,40.8247082],[-73.810875,40.8251139],[-73.8107619,40.8249016],[-73.8096548,40.8252755],[-73.8090923,40.8258734],[-73.8078342,40.8257675],[-73.807666,40.825897],[-73.8069777,40.8253884],[-73.8065636,40.8246064],[-73.8067754,40.8244486],[-73.8065182,40.824198],[-73.8067506,40.8238281],[-73.8064648,40.8237993],[-73.8066617,40.8234196],[-73.8062363,40.8233079],[-73.8065102,40.8231526],[-73.8063836,40.8228928],[-73.8059517,40.8228826],[-73.8062224,40.8227414],[-73.8058247,40.8217678],[-73.8059916,40.8208236],[-73.805728,40.8201773],[-73.8046193,40.8190271],[-73.8034832,40.818277],[-73.8026741,40.8182386],[-73.8025216,40.818526],[-73.8020789,40.8185567],[-73.8007086,40.8180433],[-73.8003254,40.8175604],[-73.7975903,40.8165075],[-73.7973811,40.8157635],[-73.7977147,40.8155133],[-73.7981195,40.8156988],[-73.7986422,40.815464],[-73.7990282,40.8155411],[-73.8001115,40.8140245],[-73.8009159,40.8137614],[-73.801458,40.8129409],[-73.8017456,40.812865],[-73.8013391,40.8123937],[-73.8017593,40.8128614],[-73.8030579,40.8124523],[-73.8036142,40.8125231],[-73.80352,40.8129219],[-73.8037791,40.8128099],[-73.8036143,40.8130445],[-73.8043581,40.8136085],[-73.8041537,40.8137307],[-73.804229,40.8136633],[-73.8035592,40.8130427],[-73.8036146,40.8129722],[-73.8032529,40.8131968],[-73.803461,40.8133292],[-73.8032245,40.8133586],[-73.8034552,40.8134027],[-73.8045308,40.8142546],[-73.8032218,40.8133741],[-73.8035167,40.813952],[-73.8041803,40.81459],[-73.80443,40.8145831],[-73.8047181,40.8152305],[-73.8065725,40.8166064],[-73.8061176,40.8159522],[-73.8053788,40.8154826],[-73.805081,40.815198],[-73.8045544,40.8146298],[-73.8046594,40.814545],[-73.8052788,40.8153773],[-73.8061014,40.8159197],[-73.8063293,40.816138],[-73.806606,40.8166645],[-73.8069293,40.8165684],[-73.8065357,40.815892],[-73.807046,40.8165337],[-73.8066287,40.8156838],[-73.8064018,40.815702],[-73.8066316,40.815595],[-73.8054561,40.8146866],[-73.8054492,40.8133767],[-73.8049983,40.8122066],[-73.8047649,40.8120337],[-73.8039119,40.8121105],[-73.8033728,40.8115398],[-73.80293,40.8105419],[-73.8023534,40.8100371],[-73.8013555,40.8107108],[-73.8011571,40.8105878],[-73.8010117,40.8107134],[-73.8014667,40.8101417],[-73.8001095,40.809711],[-73.7985377,40.8095871],[-73.7922891,40.806849],[-73.7914006,40.8069979],[-73.7915236,40.8074891],[-73.7908648,40.8073411],[-73.7907348,40.8065888],[-73.7900626,40.8054089],[-73.7902841,40.8048171],[-73.7910372,40.804263],[-73.7922453,40.8039964],[-73.7933898,40.8042043],[-73.7957777,40.8061629],[-73.796209,40.8059686],[-73.7965027,40.8061044],[-73.7963695,40.8062772],[-73.7979158,40.8067122],[-73.8016719,40.8090166],[-73.8027824,40.8091201],[-73.8039267,40.808528],[-73.8046781,40.8092258],[-73.8071399,40.8106617],[-73.808228,40.811891],[-73.8099203,40.8129292],[-73.8104249,40.8129806],[-73.8107848,40.812771],[-73.8140032,40.8135515],[-73.8144307,40.8135184],[-73.8144999,40.8129083],[-73.8144773,40.8135185],[-73.8156633,40.813512],[-73.8162006,40.8138475],[-73.817372,40.8135743],[-73.8173599,40.8133757],[-73.8173894,40.8135707],[-73.8179208,40.8135447],[-73.8179355,40.813298],[-73.8179761,40.813299],[-73.8180423,40.813533],[-73.8198164,40.8131799],[-73.8201076,40.8128641],[-73.8205552,40.8130177],[-73.8202444,40.8124307],[-73.8210651,40.8122036],[-73.8203236,40.8124397],[-73.8204209,40.8126381],[-73.8211297,40.8124498],[-73.8204418,40.8126576],[-73.8205871,40.8130194],[-73.8214125,40.812873],[-73.8214226,40.8127016],[-73.8215172,40.8128473],[-73.8216953,40.8126648],[-73.8222829,40.8126615],[-73.8221715,40.812354],[-73.8223086,40.8126582],[-73.8234743,40.8121914],[-73.8240876,40.8121638],[-73.8250578,40.8118299],[-73.8248091,40.8114393],[-73.8250766,40.8118233],[-73.8252435,40.8117613],[-73.8248794,40.811273],[-73.8252666,40.8117523],[-73.8254908,40.8116593],[-73.8252314,40.8112098],[-73.8256507,40.8115923],[-73.8253577,40.8110276],[-73.8256723,40.8115847],[-73.8255371,40.8110155],[-73.8258126,40.8115337],[-73.8257976,40.8112053],[-73.8259564,40.8114744],[-73.8262097,40.811279],[-73.8280278,40.8114524],[-73.829164,40.8112651],[-73.8301825,40.8108391],[-73.831622,40.8095681],[-73.8321749,40.8081598],[-73.832138,40.8074077],[-73.8316182,40.8066458],[-73.8313955,40.8051707],[-73.8316157,40.8049383],[-73.8343155,40.8051627],[-73.8374361,40.8062026],[-73.8380608,40.8070398],[-73.8382442,40.8081768],[-73.8402595,40.811443],[-73.840432,40.8125411],[-73.8395681,40.8144912],[-73.8395377,40.8158192],[-73.8401902,40.8171883],[-73.8400928,40.817799],[-73.8389273,40.8190012],[-73.8386835,40.8195914],[-73.839064,40.8198024],[-73.8388823,40.8221405],[-73.839049,40.8226887],[-73.8395278,40.8230382],[-73.8397401,40.8241105],[-73.8401311,40.8243171],[-73.8422205,40.8283419],[-73.8423308,40.829074],[-73.8418864,40.8307132],[-73.839181,40.8331561],[-73.8388523,40.8336907],[-73.8392339,40.836741],[-73.8391926,40.8387136],[-73.8395895,40.8387985],[-73.8397201,40.8395654],[-73.8403028,40.8395243],[-73.8398418,40.8379049],[-73.8398424,40.8361162],[-73.8397594,40.8362963],[-73.839601,40.8356707],[-73.8396557,40.8358022],[-73.8397961,40.8357885],[-73.8397949,40.8356192],[-73.8394578,40.8350321],[-73.8395911,40.8340417],[-73.8401815,40.8330434],[-73.8422133,40.8315505],[-73.8431069,40.8297941],[-73.8425333,40.8275273],[-73.8400175,40.8221902],[-73.8398293,40.8215715],[-73.8399986,40.8199349],[-73.8419868,40.8187744],[-73.8420937,40.8180595],[-73.8437405,40.8153217],[-73.8452074,40.811887],[-73.8457656,40.8115823],[-73.846173,40.8106767],[-73.8471968,40.8105805],[-73.8482149,40.8124629],[-73.8493856,40.8132369],[-73.8504107,40.813584],[-73.8506025,40.8139302],[-73.8530133,40.8145844],[-73.8526182,40.8140587],[-73.8529796,40.8138735],[-73.852914,40.8136894],[-73.8533686,40.8135939],[-73.8543466,40.8138639],[-73.855147,40.814369],[-73.8553803,40.8142889],[-73.8544308,40.8137179],[-73.8534677,40.8134777],[-73.8525574,40.8137353],[-73.8512,40.8135531],[-73.8491451,40.8122988],[-73.849063,40.8119054],[-73.8493842,40.8112871],[-73.8491736,40.8109243],[-73.849798,40.8100329],[-73.8500201,40.809254],[-73.8498466,40.8092523],[-73.8500424,40.8092154],[-73.8499673,40.8088755],[-73.8497287,40.8088751],[-73.8499512,40.8087147],[-73.8495508,40.8087209],[-73.849967,40.808578],[-73.8496117,40.8081242],[-73.8487601,40.8083375],[-73.8495222,40.8080553],[-73.8484164,40.8073688],[-73.8483795,40.8063602],[-73.8475362,40.8059264],[-73.8474882,40.8054489],[-73.847903,40.8050022],[-73.8486478,40.8046994],[-73.8493338,40.8050512],[-73.8494104,40.804668],[-73.8494285,40.8050598],[-73.8498211,40.8050944],[-73.8501487,40.8045342],[-73.8506495,40.8044775],[-73.8520492,40.8045991],[-73.8556096,40.8044702],[-73.8562461,40.8046643],[-73.8565778,40.8049329],[-73.8556905,40.8046766],[-73.855605,40.8050622],[-73.8561254,40.8052817],[-73.8572449,40.8053072],[-73.8566758,40.8049954],[-73.8568342,40.8049093],[-73.8587361,40.8057941],[-73.8588721,40.8059797],[-73.8585056,40.8058195],[-73.8583149,40.8059986],[-73.8586119,40.8066975],[-73.8590848,40.8064802],[-73.8588771,40.8059885],[-73.8591955,40.8062699],[-73.8594019,40.8075296],[-73.8591587,40.806879],[-73.8586651,40.8068328],[-73.85839,40.8082588],[-73.8589514,40.8102714],[-73.8590766,40.8099756],[-73.860127,40.8096055],[-73.8593292,40.8089965],[-73.8593898,40.8081638],[-73.8598223,40.8091132],[-73.8606597,40.8096319],[-73.8644033,40.810276],[-73.8676565,40.8105838],[-73.870778,40.8144869],[-73.8717161,40.8149223],[-73.87652,40.8161311],[-73.8767319,40.8153865],[-73.8723944,40.8139743],[-73.8709575,40.8121462],[-73.8705681,40.8120873],[-73.8705534,40.8112434],[-73.8681122,40.8067518],[-73.8684635,40.8059365],[-73.8717451,40.8015474],[-73.873551,40.8008533],[-73.8746772,40.8009794],[-73.8747306,40.8012566],[-73.8752652,40.8013982],[-73.8758579,40.801456],[-73.87593,40.8010842],[-73.8781422,40.8013193],[-73.8779688,40.8017111],[-73.8782346,40.8026468],[-73.8792135,40.8027953],[-73.8836954,40.8021621],[-73.8839646,40.8019651],[-73.8836904,40.8019453],[-73.8837233,40.8018628],[-73.8850517,40.8021309],[-73.887271,40.803947],[-73.887959,40.8049979],[-73.8885922,40.8047893],[-73.8890644,40.8050219],[-73.8893664,40.8053808],[-73.8892242,40.8058454],[-73.889996,40.8048863],[-73.8901476,40.8049606],[-73.8893744,40.8059253],[-73.8900593,40.8057043],[-73.891499,40.8059312],[-73.891441,40.8056619],[-73.8917862,40.8056229],[-73.8919793,40.8063847],[-73.8927068,40.8063439],[-73.8925318,40.8056566],[-73.8922732,40.8057024],[-73.8921636,40.8053026],[-73.8912671,40.8050105],[-73.891284,40.8049763],[-73.8918661,40.8050905],[-73.8921974,40.8052847],[-73.8923002,40.8056606],[-73.8925667,40.8056207],[-73.8927481,40.8063403],[-73.8946325,40.8062323],[-73.894726,40.8060262],[-73.8948536,40.8062149],[-73.894843,40.805724],[-73.8950984,40.8068636],[-73.8952855,40.8068427],[-73.8955063,40.8065953],[-73.8952796,40.8057662],[-73.8955911,40.8065813],[-73.8956703,40.8062901],[-73.8959779,40.8065176],[-73.8958748,40.8058085],[-73.8961082,40.8064962],[-73.8962304,40.8062105],[-73.8972601,40.806041],[-73.8974968,40.8062144],[-73.8974147,40.8058001],[-73.8976382,40.8062013],[-73.8977283,40.8059675],[-73.8980134,40.8061666],[-73.8978713,40.805535],[-73.8981611,40.8061381],[-73.8981254,40.8056508],[-73.8985266,40.8054343],[-73.900973,40.8048761],[-73.9020495,40.8047841],[-73.9022228,40.8049481],[-73.9022923,40.8045648],[-73.9029277,40.8041973],[-73.9027097,40.8041637],[-73.9033173,40.8037753],[-73.9037328,40.8037733],[-73.9045295,40.8031702],[-73.9065204,40.8011755],[-73.9063898,40.8010908],[-73.906814,40.8008906],[-73.908074,40.7995728],[-73.9077931,40.7994935],[-73.9076822,40.7993883],[-73.9081021,40.7995396],[-73.9080263,40.7992379],[-73.9084219,40.7994421],[-73.908303,40.7989591],[-73.9108922,40.7970178],[-73.9117465,40.7966263],[-73.9137226,40.7967894],[-73.9190318,40.7989849],[-73.9202407,40.7996137],[-73.9213273,40.8012846],[-73.9229271,40.8023733],[-73.9242271,40.802545],[-73.9266579,40.8024098],[-73.9276279,40.8026957],[-73.9272827,40.8035083],[-73.927645,40.8039886],[-73.9281096,40.8040129],[-73.9283406,40.8042399],[-73.9287261,40.8041036],[-73.9305176,40.8065906],[-73.9322826,40.808364],[-73.9326426,40.8093829],[-73.9325943,40.8100536],[-73.932864,40.8101244],[-73.9328741,40.810414],[-73.932565,40.810886],[-73.9323425,40.8146857],[-73.9323998,40.8211456],[-73.9336059,40.8327895],[-73.9329964,40.8356788],[-73.9305157,40.8399336],[-73.9304832,40.8404601],[-73.9291941,40.8428184],[-73.9286157,40.8446769],[-73.9268302,40.8472898],[-73.9246538,40.849785],[-73.9225618,40.8531889],[-73.9217404,40.8542212],[-73.9215426,40.8541169],[-73.9213421,40.8543174],[-73.9215154,40.8545101],[-73.9208007,40.8553808],[-73.9203003,40.8552464],[-73.9205265,40.8556867],[-73.9195662,40.8568402],[-73.9177604,40.8587081],[-73.9172066,40.8589289],[-73.9134146,40.8633675],[-73.9127627,40.8630292],[-73.9122728,40.8636321],[-73.9127976,40.8638989],[-73.912526,40.8637952],[-73.9126763,40.8640211],[-73.9104177,40.8665695],[-73.9086494,40.8713858],[-73.9089324,40.8721573],[-73.9084637,40.8726208],[-73.9077427,40.872846],[-73.906651,40.8757525],[-73.9070375,40.8768952],[-73.9094983,40.8787767],[-73.9103319,40.879038],[-73.9114891,40.8790189],[-73.9120583,40.8781193],[-73.9148462,40.8766667],[-73.9157852,40.8757169],[-73.9172603,40.875809],[-73.9177567,40.8756636],[-73.9197838,40.8764214],[-73.9220672,40.8785724],[-73.9227379,40.8789054],[-73.924518,40.8790587],[-73.9249033,40.8788884],[-73.9238053,40.8803249],[-73.9203928,40.8876485],[-73.9151846,40.9015843],[-73.9154317,40.9018127],[-73.9150145,40.9030813],[-73.9145904,40.904119],[-73.9141854,40.9041404],[-73.9128686,40.9075355],[-73.9131102,40.9078458],[-73.9126493,40.9080708],[-73.9115048,40.9121699],[-73.9114996,40.9137666],[-73.910712,40.9146592],[-73.9103326,40.9155328],[-73.9024566,40.9129589],[-73.8972533,40.9116555],[-73.8729486,40.904441],[-73.8594678,40.9005172]]],[[[-73.8026381,40.8410812],[-73.805295,40.8411349],[-73.8069461,40.8414624],[-73.806808,40.8424891],[-73.8039307,40.8425941],[-73.8036756,40.8422585],[-73.802223,40.8416348],[-73.8026381,40.8410812]]],[[[-73.7887665,40.8584022],[-73.788784,40.8574207],[-73.7880434,40.8575599],[-73.7880283,40.8575147],[-73.788779,40.8574009],[-73.7888965,40.8565734],[-73.7883594,40.8556265],[-73.7884773,40.8544005],[-73.788347,40.8541535],[-73.7875628,40.8543758],[-73.7873475,40.8543859],[-73.7883451,40.854132],[-73.7873145,40.8542119],[-73.7869073,40.854064],[-73.7879282,40.8537378],[-73.7880006,40.8535246],[-73.7858819,40.8517887],[-73.7852921,40.8516206],[-73.7841319,40.8518328],[-73.7843142,40.8517675],[-73.7839611,40.8514869],[-73.7833816,40.8515867],[-73.7836021,40.8513195],[-73.7846008,40.8510957],[-73.7844546,40.8507729],[-73.7838412,40.8506929],[-73.7840658,40.8506252],[-73.7842005,40.8500606],[-73.783535,40.849221],[-73.7830354,40.8490719],[-73.7824495,40.8493412],[-73.7820946,40.8492473],[-73.7821581,40.8491162],[-73.7815749,40.8494306],[-73.7815445,40.8494004],[-73.7821411,40.8491007],[-73.7814325,40.8488],[-73.7814939,40.8485805],[-73.7826747,40.8481397],[-73.7809782,40.8484583],[-73.7813063,40.8483477],[-73.781107,40.8482948],[-73.7826374,40.8480726],[-73.7825041,40.8479133],[-73.7815842,40.8480371],[-73.7814843,40.8478822],[-73.7814292,40.8474563],[-73.7820785,40.8471308],[-73.7821639,40.8466363],[-73.7804624,40.8471002],[-73.7804033,40.8469311],[-73.7810604,40.8468026],[-73.7811518,40.8462463],[-73.7811068,40.846747],[-73.7816879,40.8466389],[-73.7817429,40.8464123],[-73.7817149,40.8466575],[-73.781093,40.8467985],[-73.7821567,40.8466076],[-73.7825135,40.8464088],[-73.782496,40.8456616],[-73.7830944,40.8455183],[-73.7831464,40.8453099],[-73.7830746,40.8455098],[-73.7824249,40.8456763],[-73.7818165,40.845765],[-73.7830507,40.8454968],[-73.7830602,40.8450857],[-73.7818154,40.8454806],[-73.7830746,40.8450564],[-73.7831525,40.845296],[-73.7829758,40.8446809],[-73.7833654,40.8444447],[-73.7830113,40.8441727],[-73.7832699,40.8440694],[-73.7830949,40.8438661],[-73.7834843,40.8436785],[-73.7829065,40.8439361],[-73.7805274,40.8445251],[-73.779927,40.8438831],[-73.780533,40.844453],[-73.7803962,40.8439664],[-73.7805846,40.8444346],[-73.7810626,40.8443283],[-73.7808769,40.8438622],[-73.7810898,40.8443201],[-73.781546,40.8442159],[-73.7813767,40.8437045],[-73.7815759,40.8442077],[-73.7820077,40.8441096],[-73.7818331,40.8435755],[-73.7820376,40.8441035],[-73.7824368,40.8440094],[-73.7822487,40.8434362],[-73.7824694,40.8439992],[-73.7828224,40.8439195],[-73.7825721,40.8432946],[-73.782785,40.8437545],[-73.7830919,40.8436851],[-73.7828739,40.8431241],[-73.7831325,40.8436975],[-73.7828066,40.8437793],[-73.7828415,40.8438948],[-73.7834748,40.8436547],[-73.7831919,40.8428679],[-73.7832104,40.8434793],[-73.782911,40.8429224],[-73.7831393,40.8428223],[-73.7829175,40.8428064],[-73.7831238,40.8427362],[-73.7828878,40.8424948],[-73.7828158,40.8427645],[-73.7827067,40.8425325],[-73.7822994,40.8426059],[-73.7824445,40.843042],[-73.7822668,40.842612],[-73.7818005,40.8426961],[-73.7819331,40.8432281],[-73.781772,40.8427023],[-73.7812466,40.8427971],[-73.7814279,40.8433709],[-73.781216,40.8428048],[-73.7806743,40.8429073],[-73.780829,40.8435073],[-73.7806438,40.8429103],[-73.7802955,40.842973],[-73.7802277,40.8437782],[-73.7802266,40.8428833],[-73.782865,40.8424781],[-73.7805974,40.8427866],[-73.7823686,40.8424285],[-73.7821517,40.8423552],[-73.7823111,40.8422242],[-73.7816206,40.8423295],[-73.7823064,40.8422111],[-73.7823326,40.8419228],[-73.78144,40.8421421],[-73.7823235,40.8418983],[-73.7820375,40.8418419],[-73.7821662,40.8416891],[-73.7812993,40.8417944],[-73.7813387,40.8419962],[-73.7806963,40.8420324],[-73.780721,40.8421915],[-73.7806551,40.8420419],[-73.7805629,40.8422147],[-73.7803481,40.8421091],[-73.7804258,40.8424944],[-73.780196,40.8420462],[-73.7818505,40.8416539],[-73.7816605,40.8411242],[-73.7808422,40.8412763],[-73.7808922,40.8415531],[-73.7807975,40.8412561],[-73.7816486,40.8410978],[-73.7813914,40.8410366],[-73.7816107,40.8409962],[-73.7813749,40.8409789],[-73.781594,40.8409398],[-73.781543,40.8403867],[-73.7814917,40.8402062],[-73.7812536,40.8402555],[-73.7814888,40.8401973],[-73.7813627,40.8397302],[-73.7811795,40.8397459],[-73.7813413,40.8394786],[-73.7811388,40.8394943],[-73.7813399,40.8394697],[-73.7815678,40.8385374],[-73.7820042,40.8380156],[-73.7818846,40.8376503],[-73.7823814,40.8373241],[-73.7827276,40.837488],[-73.7829063,40.83732],[-73.7828226,40.8363382],[-73.7833817,40.8369093],[-73.7841016,40.8367255],[-73.7844846,40.8370242],[-73.7849806,40.8367464],[-73.7850823,40.8368819],[-73.7845033,40.8370578],[-73.7848501,40.8374705],[-73.78564,40.8370644],[-73.7858307,40.83721],[-73.7856528,40.8371321],[-73.7851658,40.8374713],[-73.785578,40.8379271],[-73.7857351,40.8392342],[-73.786526,40.8397231],[-73.7874076,40.8396776],[-73.7876393,40.8405319],[-73.7873572,40.8405908],[-73.7874917,40.8408423],[-73.7881813,40.8407111],[-73.7881592,40.8404908],[-73.7882545,40.8407459],[-73.7875238,40.8408796],[-73.787864,40.8410817],[-73.7876124,40.841198],[-73.7878449,40.8414715],[-73.7883662,40.8415046],[-73.78802,40.8417838],[-73.7882936,40.8417854],[-73.788056,40.841867],[-73.7883846,40.842382],[-73.7888386,40.8423504],[-73.7885278,40.8424256],[-73.7890583,40.8432353],[-73.7899242,40.8432242],[-73.7899309,40.8430423],[-73.7899998,40.8433078],[-73.7897347,40.8434132],[-73.7898045,40.8435867],[-73.7893371,40.8436815],[-73.7894718,40.844293],[-73.7906659,40.8457416],[-73.7909886,40.8456528],[-73.7906979,40.845786],[-73.7909733,40.8463573],[-73.7914908,40.846251],[-73.7911276,40.8463576],[-73.7911813,40.8465557],[-73.7914138,40.8465478],[-73.7914803,40.8468021],[-73.7917934,40.8467317],[-73.7913671,40.8468876],[-73.7914405,40.847306],[-73.7917723,40.8472283],[-73.79192,40.8472582],[-73.7914296,40.84736],[-73.791541,40.847538],[-73.7912671,40.8476019],[-73.7913298,40.8480579],[-73.7916177,40.8480529],[-73.7913359,40.8480862],[-73.7910136,40.8489852],[-73.7908871,40.8488866],[-73.7897571,40.8495315],[-73.7898584,40.8499726],[-73.7909478,40.8497392],[-73.7909888,40.8498283],[-73.7898663,40.8499894],[-73.7900176,40.8503163],[-73.7903577,40.8501423],[-73.7898919,40.8504642],[-73.7900709,40.850932],[-73.7902476,40.8509035],[-73.7900864,40.8509845],[-73.7902682,40.8509611],[-73.7901244,40.8511899],[-73.7895137,40.8513008],[-73.7895627,40.8514873],[-73.7897851,40.8514623],[-73.7896657,40.8513386],[-73.7900578,40.8514145],[-73.790018,40.8512595],[-73.7900896,40.8514072],[-73.7903371,40.8512201],[-73.7903794,40.8513585],[-73.7908177,40.8511486],[-73.7909872,40.851264],[-73.7896649,40.8515004],[-73.7897257,40.8516927],[-73.7908922,40.8515469],[-73.7901959,40.8517529],[-73.7904637,40.851767],[-73.790084,40.8520345],[-73.7901551,40.8522513],[-73.790161,40.8520402],[-73.790274,40.8522233],[-73.7905321,40.8521634],[-73.790452,40.8519897],[-73.7908061,40.8520999],[-73.7905609,40.8519444],[-73.7907946,40.8518613],[-73.7908538,40.8520888],[-73.791112,40.8520058],[-73.791011,40.8518608],[-73.7911877,40.8520161],[-73.7914629,40.8519451],[-73.7913205,40.8517797],[-73.7915174,40.8517299],[-73.791496,40.8519341],[-73.7917275,40.8517647],[-73.7924836,40.8515238],[-73.7917678,40.851774],[-73.7920573,40.8518256],[-73.7901701,40.8522807],[-73.791138,40.8520559],[-73.7912366,40.8522803],[-73.7931828,40.8518086],[-73.7931184,40.8515783],[-73.7932379,40.8519312],[-73.7912456,40.8523047],[-73.7913805,40.852602],[-73.7934099,40.8520219],[-73.7935076,40.852264],[-73.793424,40.8521363],[-73.7913911,40.8526281],[-73.7914464,40.8527716],[-73.7904205,40.853023],[-73.7904988,40.8531887],[-73.7910059,40.8531177],[-73.7914544,40.8530108],[-73.791437,40.8528227],[-73.7915033,40.8530047],[-73.7916555,40.8527773],[-73.79173,40.8529544],[-73.7919632,40.8528954],[-73.7919165,40.852711],[-73.7919893,40.8528881],[-73.7922241,40.8528316],[-73.7921758,40.8526496],[-73.7922519,40.852823],[-73.7924867,40.8527702],[-73.7924368,40.8525857],[-73.7925095,40.8527616],[-73.7928308,40.8526805],[-73.7928151,40.8524948],[-73.7929009,40.8526954],[-73.7908076,40.8531991],[-73.7911143,40.8532645],[-73.7912657,40.8537069],[-73.7925241,40.8534099],[-73.7924093,40.8530533],[-73.792556,40.8534012],[-73.7929793,40.8533029],[-73.7928761,40.8529442],[-73.7930399,40.8533712],[-73.7910572,40.8539184],[-73.7924582,40.8536007],[-73.79107,40.853945],[-73.7925371,40.8538493],[-73.7925676,40.8540164],[-73.7917937,40.8540048],[-73.7919181,40.8542224],[-73.7912928,40.854584],[-73.7920768,40.8556452],[-73.7925031,40.8557887],[-73.7920171,40.8561769],[-73.7925681,40.8562561],[-73.7920105,40.8562251],[-73.7919018,40.8565469],[-73.7930949,40.8566864],[-73.7930308,40.8568139],[-73.7918942,40.8565689],[-73.791707,40.8568518],[-73.7922027,40.857146],[-73.7924279,40.8569285],[-73.7922219,40.8571523],[-73.7928271,40.8574358],[-73.7930126,40.857003],[-73.792884,40.8574792],[-73.7918598,40.8570041],[-73.7926834,40.8574204],[-73.7921127,40.8571669],[-73.7918945,40.8574371],[-73.7925697,40.8576396],[-73.7923952,40.8578455],[-73.7917425,40.857394],[-73.7920933,40.857158],[-73.791843,40.8570287],[-73.7916039,40.8573753],[-73.7912938,40.8572632],[-73.790942,40.8575527],[-73.7916366,40.8578828],[-73.7917853,40.8577754],[-73.791437,40.8581547],[-73.7916187,40.8579013],[-73.7909322,40.8575678],[-73.7902359,40.8581541],[-73.7902012,40.8586016],[-73.790046,40.8584754],[-73.789222,40.8587425],[-73.7887665,40.8584022]]],[[[-73.7893122,40.8344649],[-73.7895102,40.835364],[-73.788457,40.8353099],[-73.7883335,40.8346671],[-73.7893122,40.8344649]]],[[[-73.7850364,40.8797632],[-73.7856755,40.879852],[-73.7854267,40.8800412],[-73.7852513,40.8799088],[-73.7850364,40.8797632]]],[[[-73.7845123,40.8806592],[-73.7842652,40.8803571],[-73.7838224,40.8804244],[-73.7837016,40.8799319],[-73.7840664,40.8797134],[-73.7843285,40.8801999],[-73.7846929,40.8801339],[-73.7853477,40.8805226],[-73.7849577,40.8807458],[-73.7848359,40.8805583],[-73.7845123,40.8806592]]],[[[-73.7843696,40.8598502],[-73.7851402,40.8587926],[-73.7860754,40.8592746],[-73.7866081,40.8590361],[-73.7866939,40.8586861],[-73.7877337,40.858771],[-73.7871569,40.8595657],[-73.7870013,40.8602244],[-73.7845745,40.860532],[-73.7843696,40.8598502]]],[[[-73.7835411,40.8630955],[-73.7838012,40.8629666],[-73.7837677,40.8626106],[-73.7846917,40.8625428],[-73.7845164,40.8629558],[-73.784167,40.8630876],[-73.7842865,40.8632051],[-73.7840125,40.863132],[-73.7835411,40.8630955]]],[[[-73.7835602,40.8768222],[-73.7838403,40.8765198],[-73.7840049,40.8768644],[-73.7835558,40.8775008],[-73.7835283,40.8772409],[-73.7835602,40.8768222]]],[[[-73.782882,40.8624064],[-73.783145,40.8620687],[-73.7832805,40.8627807],[-73.7831259,40.8628562],[-73.782882,40.8624064]]],[[[-73.7825971,40.8548226],[-73.7838586,40.8548316],[-73.7833038,40.8558486],[-73.7828521,40.8554858],[-73.7825971,40.8548226]]],[[[-73.782127,40.8745312],[-73.7825268,40.874621],[-73.7824406,40.8752123],[-73.782137,40.8751615],[-73.7819281,40.8754046],[-73.7819412,40.875216],[-73.782127,40.8745312]]],[[[-73.7816686,40.8764237],[-73.7817196,40.8761888],[-73.7822008,40.8764342],[-73.7819018,40.8764194],[-73.7816686,40.8764237]]],[[[-73.7814224,40.8757663],[-73.7814345,40.8764031],[-73.7812058,40.8765901],[-73.7812946,40.8759449],[-73.7814224,40.8757663]]],[[[-73.78101,40.8548763],[-73.7812053,40.8550684],[-73.781102,40.8554918],[-73.7806796,40.8553445],[-73.7806895,40.8549288],[-73.78101,40.8548763]]],[[[-73.7753055,40.86126],[-73.7751386,40.8615943],[-73.7749179,40.8614405],[-73.7751378,40.8611847],[-73.7753055,40.86126]]],[[[-73.7750498,40.8739377],[-73.7751369,40.8745544],[-73.7746738,40.8747906],[-73.7745444,40.8742863],[-73.7748304,40.8740287],[-73.7750498,40.8739377]]],[[[-73.7746338,40.8618169],[-73.7748226,40.8617941],[-73.7748568,40.8619836],[-73.7746016,40.862069],[-73.7746338,40.8618169]]],[[[-73.7732622,40.8606306],[-73.7733968,40.8607395],[-73.7732185,40.8607945],[-73.7732622,40.8606306]]],[[[-73.7722356,40.871564],[-73.7726349,40.8718802],[-73.7711581,40.871805],[-73.7708486,40.8716278],[-73.7717176,40.8716212],[-73.7722356,40.871564]]],[[[-73.7699408,40.8655234],[-73.7694477,40.8657614],[-73.7696354,40.8655426],[-73.7699408,40.8655234]]],[[[-73.7685566,40.8532383],[-73.7690444,40.8532909],[-73.7693853,40.8525361],[-73.7686082,40.8507884],[-73.7695967,40.8475945],[-73.7678949,40.8452894],[-73.7690139,40.8450973],[-73.7715722,40.8475001],[-73.7708892,40.8497518],[-73.7720496,40.8516183],[-73.7727112,40.8518266],[-73.7724659,40.8518337],[-73.7724605,40.8520595],[-73.7729636,40.8521593],[-73.7726484,40.8522244],[-73.7728908,40.8523983],[-73.7724594,40.8521063],[-73.7724515,40.8524359],[-73.7717306,40.8524768],[-73.7717172,40.8530045],[-73.7722968,40.8530864],[-73.7723492,40.8538514],[-73.7729629,40.8538001],[-73.7729582,40.8541374],[-73.7723327,40.8539008],[-73.7721404,40.8544127],[-73.7723543,40.8596732],[-73.7721922,40.8599866],[-73.7708456,40.860101],[-73.7694731,40.8593301],[-73.7683628,40.8583583],[-73.7683609,40.8576554],[-73.7653324,40.8550436],[-73.7678321,40.8544422],[-73.7685566,40.8532383]]],[[[-73.7672285,40.8669287],[-73.7671238,40.8672382],[-73.766681,40.8673207],[-73.7669205,40.8670496],[-73.7672285,40.8669287]]]]}},{"type":"Feature","id":"3","properties":{"code":"3","name":"Brooklyn"},"geometry":{"type":"MultiPolygon","coordinates":[[[[-73.9519879,40.7387476],[-73.9465235,40.7369269],[-73.9471998,40.7353552],[-73.9470653,40.734402],[-73.9465981,40.7344422],[-73.9467391,40.7352827],[-73.9462475,40.7361662],[-73.9458731,40.7361018],[-73.9455705,40.7366123],[-73.9449991,40.7364367],[-73.9451851,40.7354792],[-73.945033,40.7354286],[-73.9445154,40.7362844],[-73.9423944,40.7354257],[-73.9411475,40.7341529],[-73.9411562,40.7337489],[-73.9405687,40.7330585],[-73.9398132,40.7311527],[-73.9381033,40.7297285],[-73.9369312,40.7291081],[-73.9349293,40.7285439],[-73.9320042,40.7281451],[-73.9292433,40.7273979],[-73.9278717,40.7258541],[-73.9277965,40.7249257],[-73.9256147,40.7200617],[-73.924818,40.7202651],[-73.9245795,40.7191625],[-73.924992,40.7183848],[-73.9283793,40.7175784],[-73.9288797,40.7177203],[-73.9297054,40.7170493],[-73.92932,40.716112],[-73.9294736,40.7157215],[-73.9321975,40.7149721],[-73.93215,40.7146875],[-73.9317536,40.7147417],[-73.931426,40.7143823],[-73.9312407,40.7137248],[-73.9316453,40.7133428],[-73.9326391,40.7130526],[-73.9320326,40.7115902],[-73.9333848,40.7112337],[-73.9332835,40.7109787],[-73.931901,40.7113385],[-73.9309323,40.7091653],[-73.9303609,40.7087177],[-73.9302504,40.7089279],[-73.9315461,40.7118554],[-73.9307789,40.7121604],[-73.9316103,40.712038],[-73.9318487,40.7125648],[-73.9304229,40.7131726],[-73.9310523,40.7146102],[-73.9308519,40.714903],[-73.9284388,40.7155309],[-73.928906,40.716619],[-73.9282325,40.7171065],[-73.9246451,40.7179531],[-73.9236399,40.7173207],[-73.923055,40.7163427],[-73.9243133,40.7158471],[-73.9248855,40.7152672],[-73.9243359,40.7141226],[-73.9222347,40.712856],[-73.921546,40.7110433],[-73.9207485,40.7105336],[-73.9218918,40.7093961],[-73.9118071,40.703435],[-73.912904,40.7023619],[-73.9106788,40.701046],[-73.9118068,40.6999469],[-73.9042602,40.6957004],[-73.905796,40.6941272],[-73.9013984,40.69159],[-73.9018878,40.6910777],[-73.9004247,40.6881839],[-73.9011616,40.6878779],[-73.8964663,40.6823364],[-73.8957795,40.6834972],[-73.8941746,40.6852832],[-73.892583,40.6834919],[-73.8901542,40.685004],[-73.8896279,40.6842365],[-73.8880834,40.6852936],[-73.8845225,40.6866847],[-73.883777,40.6878634],[-73.8795064,40.6911468],[-73.8740205,40.6941913],[-73.8689176,40.6951466],[-73.8684052,40.6947312],[-73.8686845,40.6940347],[-73.8660199,40.6819196],[-73.864101,40.6823729],[-73.863283,40.6790794],[-73.8623458,40.6791648],[-73.8603852,40.6712517],[-73.8576332,40.6716562],[-73.8556846,40.6638675],[-73.8584295,40.6634534],[-73.8576154,40.6601189],[-73.8603049,40.6596347],[-73.8631708,40.6582765],[-73.8626978,40.6576183],[-73.8632762,40.6569412],[-73.8630017,40.6566538],[-73.862994,40.6563654],[-73.8631982,40.6563394],[-73.8626412,40.6556675],[-73.8608685,40.6550778],[-73.8572233,40.6502787],[-73.8575527,40.6499326],[-73.8578347,40.6483023],[-73.8583761,40.6472744],[-73.8571698,40.6436786],[-73.858941,40.643217],[-73.862013,40.642887],[-73.8633114,40.6422991],[-73.8653117,40.6407512],[-73.8667041,40.6400218],[-73.8662848,40.6394729],[-73.8668153,40.6399635],[-73.8673229,40.639872],[-73.8686728,40.6409251],[-73.8699124,40.6432782],[-73.8700171,40.6440714],[-73.8706149,40.6448567],[-73.8711917,40.6453054],[-73.8725704,40.6455756],[-73.8793321,40.654622],[-73.8797198,40.6543759],[-73.8731859,40.645445],[-73.8734434,40.6446719],[-73.8732703,40.6439032],[-73.8729732,40.6438392],[-73.870845,40.6405566],[-73.8700854,40.6398442],[-73.8698958,40.6389345],[-73.8679971,40.6381153],[-73.8696097,40.6370855],[-73.8692085,40.6374658],[-73.869559,40.6379475],[-73.8729344,40.6363648],[-73.8734794,40.6362855],[-73.8744487,40.6366587],[-73.8771143,40.6386415],[-73.8785641,40.6390436],[-73.8793095,40.6400671],[-73.8804839,40.640978],[-73.8807362,40.641566],[-73.8802925,40.6414049],[-73.8800671,40.6420034],[-73.8815286,40.6424517],[-73.8822411,40.6434535],[-73.8821483,40.6437437],[-73.88342,40.6445238],[-73.8848075,40.6439463],[-73.8855776,40.6440409],[-73.8874344,40.6459367],[-73.8877121,40.6478744],[-73.8886364,40.6480245],[-73.8900678,40.6493236],[-73.8903353,40.6493478],[-73.890137,40.6491704],[-73.8903473,40.6490336],[-73.891003,40.6493507],[-73.8912042,40.6491269],[-73.8910833,40.6487926],[-73.8894507,40.647174],[-73.8894815,40.6469128],[-73.8887969,40.6460503],[-73.8894139,40.6469384],[-73.8888957,40.6472188],[-73.88861,40.6470814],[-73.8885164,40.6473607],[-73.8882005,40.6471409],[-73.8881899,40.6467736],[-73.8884502,40.6467286],[-73.8885355,40.6469681],[-73.8886418,40.6467851],[-73.8884996,40.6466637],[-73.8880814,40.6466206],[-73.8882898,40.6460442],[-73.8880005,40.6460277],[-73.8874096,40.6453293],[-73.8880559,40.6451198],[-73.8879125,40.6450035],[-73.8873436,40.6452242],[-73.8862365,40.6438168],[-73.8837358,40.6424503],[-73.8807889,40.6397574],[-73.8805512,40.6391588],[-73.8795389,40.6382178],[-73.8789669,40.6384595],[-73.8786386,40.6382936],[-73.878384,40.6379041],[-73.8785803,40.6375188],[-73.8771443,40.6359765],[-73.8782059,40.6345729],[-73.8799877,40.6335149],[-73.8812707,40.6323691],[-73.8830136,40.6316261],[-73.8836445,40.6309433],[-73.8837693,40.6302218],[-73.8834541,40.6299077],[-73.8840473,40.6295601],[-73.8826325,40.6282743],[-73.8836923,40.6275594],[-73.8851295,40.6288273],[-73.8857217,40.6284467],[-73.8863069,40.6286777],[-73.8875267,40.6283318],[-73.890423,40.6262786],[-73.8914872,40.6244817],[-73.8930056,40.6233565],[-73.8935188,40.6233527],[-73.8954847,40.6224856],[-73.9144607,40.6309948],[-73.9160608,40.6320341],[-73.9168183,40.6319766],[-73.917484,40.6314642],[-73.9174112,40.6310928],[-73.9166869,40.6307374],[-73.9165917,40.6304519],[-73.9039611,40.6248336],[-73.9038668,40.6249688],[-73.9054621,40.6257748],[-73.9053296,40.625865],[-73.9025466,40.6244442],[-73.9031323,40.6246023],[-73.9032705,40.6244842],[-73.9026933,40.6242133],[-73.9028326,40.624051],[-73.9024154,40.6244629],[-73.9022871,40.6244099],[-73.9026436,40.6239247],[-73.9029162,40.6239545],[-73.9028657,40.6236492],[-73.9022254,40.6235819],[-73.9018673,40.6229624],[-73.9010496,40.622708],[-73.9005253,40.6216816],[-73.8981177,40.6218516],[-73.8964748,40.6214282],[-73.8962885,40.6207365],[-73.8957293,40.6202409],[-73.8956139,40.6198013],[-73.8956104,40.6193505],[-73.8964535,40.6180756],[-73.8966434,40.6173477],[-73.89646,40.6161299],[-73.8961705,40.6160012],[-73.8957345,40.6148877],[-73.8960288,40.6148046],[-73.8958611,40.6145181],[-73.8942758,40.6138826],[-73.8924993,40.6137923],[-73.8913403,40.6132562],[-73.8909541,40.612834],[-73.8914143,40.6121254],[-73.8939324,40.6115366],[-73.8939639,40.6112142],[-73.8935494,40.6110009],[-73.8918939,40.6115347],[-73.8909971,40.6120525],[-73.8910779,40.6122769],[-73.8903339,40.6120115],[-73.8896963,40.6114536],[-73.8897845,40.6109552],[-73.8903021,40.6103177],[-73.8919446,40.6091023],[-73.8917694,40.6095193],[-73.8922674,40.6091653],[-73.8922232,40.6086271],[-73.8924233,40.6085582],[-73.8921704,40.6085447],[-73.8927294,40.6072272],[-73.8933462,40.6067434],[-73.8948617,40.6064048],[-73.8959134,40.6058447],[-73.8983388,40.6053037],[-73.9001358,40.6056033],[-73.9010995,40.6070678],[-73.9007775,40.6075435],[-73.9006249,40.6092427],[-73.9002795,40.610074],[-73.9014065,40.611088],[-73.9013662,40.6117018],[-73.9016355,40.6118507],[-73.9020036,40.611743],[-73.9022909,40.6119606],[-73.9024871,40.6118619],[-73.9011925,40.6105638],[-73.9013296,40.610481],[-73.9026508,40.6117806],[-73.9023603,40.6119804],[-73.9027185,40.611826],[-73.9030439,40.6120952],[-73.9029175,40.6121865],[-73.9026292,40.6119258],[-73.9024227,40.6120336],[-73.9058711,40.6150633],[-73.9057346,40.614883],[-73.9060333,40.6149534],[-73.9058794,40.6150775],[-73.9069628,40.616114],[-73.9071729,40.6160099],[-73.9067385,40.6162959],[-73.9072569,40.6160876],[-73.9070835,40.6162214],[-73.9074426,40.6162585],[-73.907106,40.6166099],[-73.9075274,40.6163444],[-73.9072417,40.6165515],[-73.9076788,40.6166954],[-73.9076166,40.6168965],[-73.9087909,40.6174364],[-73.9086333,40.6171679],[-73.9088369,40.6173116],[-73.9090715,40.6171604],[-73.908354,40.616531],[-73.9087942,40.616873],[-73.9091385,40.6165316],[-73.9079731,40.6157368],[-73.9081566,40.6156011],[-73.9091768,40.6165219],[-73.9088146,40.6168904],[-73.9089571,40.6169915],[-73.9096441,40.6165754],[-73.9095974,40.6163927],[-73.9086163,40.6154928],[-73.907776,40.6152431],[-73.9053585,40.6130403],[-73.9042157,40.6123566],[-73.904286,40.6120168],[-73.9035098,40.6114065],[-73.9033105,40.6115472],[-73.9034941,40.611389],[-73.9031358,40.6109675],[-73.902745,40.6109315],[-73.9022586,40.6104228],[-73.9016421,40.6057634],[-73.905243,40.6049101],[-73.9059746,40.606384],[-73.9080982,40.6062786],[-73.9086396,40.6066587],[-73.909338,40.6064776],[-73.9098515,40.6059997],[-73.9088569,40.6050601],[-73.9083254,40.6040734],[-73.9109227,40.6035055],[-73.9136512,40.6039825],[-73.9167356,40.6068146],[-73.9167212,40.6076248],[-73.9163223,40.6086757],[-73.9167839,40.6087739],[-73.9165707,40.6094235],[-73.9168398,40.60876],[-73.9165092,40.6086298],[-73.9168896,40.60871],[-73.916828,40.6089061],[-73.9170884,40.6088209],[-73.9168196,40.6089314],[-73.9167995,40.6094942],[-73.916566,40.6094378],[-73.9161648,40.6105156],[-73.9144954,40.6116532],[-73.9149342,40.6139582],[-73.9138605,40.6146423],[-73.9142224,40.6149325],[-73.916421,40.6135694],[-73.9159145,40.6138454],[-73.9157254,40.613618],[-73.9157681,40.6135403],[-73.9159717,40.6138078],[-73.9162477,40.6136261],[-73.9157459,40.6133849],[-73.9159657,40.6132364],[-73.9162645,40.6136056],[-73.9163959,40.6134468],[-73.9158709,40.61291],[-73.916628,40.6134436],[-73.9157318,40.6118308],[-73.9167465,40.6111785],[-73.9166731,40.6110058],[-73.9168292,40.6111181],[-73.9181104,40.6102084],[-73.9177319,40.6097825],[-73.9178664,40.6093272],[-73.9176787,40.6096629],[-73.9179627,40.6087859],[-73.917874,40.6093113],[-73.9180296,40.6088467],[-73.9185567,40.6084983],[-73.918005,40.6081498],[-73.9181873,40.6080246],[-73.9185736,40.6084879],[-73.9190074,40.6082673],[-73.9181381,40.6076454],[-73.9183625,40.6075014],[-73.9190231,40.6082569],[-73.919354,40.6080429],[-73.9182527,40.6072294],[-73.918503,40.6070712],[-73.919371,40.6080326],[-73.9195221,40.6077388],[-73.9144281,40.6028639],[-73.9138943,40.6027036],[-73.9138202,40.6028882],[-73.9136872,40.6028504],[-73.9138552,40.6026903],[-73.9136408,40.6025242],[-73.913327,40.6027638],[-73.9134707,40.6029117],[-73.9132965,40.6027656],[-73.9136609,40.6024689],[-73.9134983,40.602367],[-73.9130172,40.6027542],[-73.9134751,40.6023493],[-73.9131166,40.6022203],[-73.912707,40.6026947],[-73.9130599,40.6022062],[-73.9115843,40.6021355],[-73.9115784,40.6022179],[-73.9123094,40.6022751],[-73.9125417,40.6023644],[-73.9116519,40.6022783],[-73.9115441,40.6024393],[-73.912611,40.602532],[-73.9125729,40.6026833],[-73.9125189,40.6025403],[-73.9124888,40.6026742],[-73.9109401,40.6024978],[-73.9109463,40.6023646],[-73.9108654,40.6024905],[-73.9108768,40.6023424],[-73.9115196,40.6023969],[-73.9115423,40.6022245],[-73.9109289,40.6022089],[-73.91094,40.6021285],[-73.9115553,40.6021555],[-73.9107583,40.6020275],[-73.9107512,40.6024373],[-73.9090369,40.6026773],[-73.9090185,40.6025248],[-73.9107115,40.6024195],[-73.9107063,40.6021445],[-73.9094093,40.6021908],[-73.9107312,40.6020214],[-73.909847,40.6020396],[-73.9090408,40.6016252],[-73.9078428,40.6022697],[-73.9042997,40.6026708],[-73.9037277,40.6024151],[-73.9019287,40.6031827],[-73.9004196,40.6032424],[-73.8993262,40.6035507],[-73.8983304,40.6032078],[-73.8977653,40.6033051],[-73.8956228,40.6030089],[-73.8949738,40.6032148],[-73.8940634,40.6030862],[-73.8935158,40.6033865],[-73.8924127,40.603299],[-73.8913566,40.6035179],[-73.8909787,40.6039166],[-73.8890995,40.6045101],[-73.8889211,40.6047795],[-73.8877309,40.6052683],[-73.8847757,40.6051414],[-73.8839643,40.6055491],[-73.8827178,40.6041788],[-73.8833637,40.6028775],[-73.8818062,40.5993653],[-73.8816425,40.597796],[-73.8808445,40.5963429],[-73.8807998,40.5947888],[-73.8799071,40.592048],[-73.8794162,40.592132],[-73.879899,40.5920206],[-73.8797149,40.5913989],[-73.8793573,40.5908437],[-73.8789689,40.5908968],[-73.8789241,40.5907128],[-73.8792933,40.5906614],[-73.8789683,40.5899009],[-73.879139,40.5893732],[-73.8787876,40.5880305],[-73.878202,40.5868679],[-73.8767167,40.5849144],[-73.8797023,40.5801351],[-73.8817429,40.5795917],[-73.8817468,40.5791588],[-73.8830667,40.5790412],[-73.8839058,40.5786292],[-73.8861381,40.5781344],[-73.8887143,40.5781359],[-73.8897553,40.5777884],[-73.8911841,40.5778721],[-73.8945477,40.5768395],[-73.8955238,40.5767698],[-73.8965125,40.5790071],[-73.8967464,40.58319],[-73.8972728,40.5843208],[-73.8981616,40.5853505],[-73.8979396,40.5858807],[-73.8982631,40.5867854],[-73.898916,40.5875374],[-73.8997334,40.5871652],[-73.8990303,40.5876701],[-73.8998106,40.5880145],[-73.899906,40.5877941],[-73.8999435,40.5879834],[-73.9000093,40.5878183],[-73.9012179,40.5873833],[-73.8999523,40.5880416],[-73.9007155,40.588084],[-73.9020995,40.5873565],[-73.902856,40.5873663],[-73.9042687,40.5869123],[-73.9058792,40.5874979],[-73.9058872,40.5878774],[-73.9065187,40.5880255],[-73.907125,40.5875297],[-73.9064935,40.5873447],[-73.9064392,40.5870339],[-73.9081089,40.5867965],[-73.9108855,40.5859476],[-73.9115276,40.5861058],[-73.9119728,40.5866974],[-73.9117505,40.5872679],[-73.9120546,40.5887376],[-73.9114373,40.5910804],[-73.911947,40.5925481],[-73.9120288,40.5943676],[-73.912508,40.5953976],[-73.913117,40.5958725],[-73.9135503,40.5967223],[-73.9150658,40.5979981],[-73.9151106,40.5985912],[-73.9157379,40.5992058],[-73.9170109,40.5995872],[-73.9186536,40.6006858],[-73.9198717,40.6008517],[-73.921705,40.6017444],[-73.9221555,40.6016997],[-73.9229682,40.6011057],[-73.9232955,40.6007424],[-73.9232563,40.6003605],[-73.92394,40.5997143],[-73.9246598,40.599726],[-73.9279981,40.6019279],[-73.9285251,40.6022119],[-73.9288362,40.6021218],[-73.9288825,40.6024273],[-73.9295415,40.6027491],[-73.9296413,40.6030865],[-73.9290875,40.6036542],[-73.9291661,40.603866],[-73.9295033,40.6039266],[-73.9299962,40.6036436],[-73.9301339,40.6039981],[-73.9305665,40.6037362],[-73.9310034,40.6039358],[-73.9319623,40.6031216],[-73.9321232,40.6027097],[-73.931762,40.6025964],[-73.9310892,40.6017223],[-73.9303068,40.6011717],[-73.9296494,40.6012045],[-73.929227,40.6004881],[-73.9286525,40.6003856],[-73.928603,40.6006145],[-73.9283768,40.6003501],[-73.927421,40.6000566],[-73.9229019,40.5964476],[-73.9217754,40.5950309],[-73.9203414,40.5947305],[-73.9181817,40.5931071],[-73.9164115,40.5911416],[-73.9148776,40.5903136],[-73.9150674,40.5900805],[-73.9145676,40.5895999],[-73.9145442,40.5888974],[-73.9147849,40.5886211],[-73.9172548,40.5874779],[-73.9179121,40.5868777],[-73.9180557,40.5864365],[-73.919172,40.5859551],[-73.9196,40.5861649],[-73.9201712,40.5859399],[-73.920405,40.5860898],[-73.9208109,40.5859841],[-73.9206698,40.5857736],[-73.920739,40.5857301],[-73.9209295,40.5858733],[-73.920906,40.5855906],[-73.9210122,40.5857536],[-73.9218996,40.5856932],[-73.9218482,40.5858384],[-73.9223534,40.5860239],[-73.9249296,40.5856676],[-73.9272077,40.5877228],[-73.9276515,40.5874591],[-73.9272494,40.5877497],[-73.9273568,40.5880222],[-73.9279163,40.5875487],[-73.9280791,40.5877025],[-73.9273694,40.5880446],[-73.9274045,40.5882064],[-73.9279018,40.5879534],[-73.9280219,40.5880688],[-73.9274547,40.5882996],[-73.9277614,40.5886606],[-73.9239529,40.5911399],[-73.9241996,40.5913643],[-73.9246013,40.5911993],[-73.9281591,40.5888252],[-73.9283627,40.588969],[-73.9284189,40.588934],[-73.9282162,40.5887839],[-73.9283587,40.5888654],[-73.9286306,40.5885726],[-73.9287576,40.5886743],[-73.9283775,40.5889813],[-73.9286203,40.5891204],[-73.928951,40.5889096],[-73.9286659,40.5891433],[-73.9292196,40.5888133],[-73.928757,40.589153],[-73.9300343,40.589426],[-73.9305771,40.5898906],[-73.9301033,40.5896061],[-73.9302979,40.5900352],[-73.9305894,40.5899526],[-73.9306521,40.590291],[-73.9304715,40.5908558],[-73.9306234,40.5909187],[-73.9306475,40.5906197],[-73.9306411,40.5909446],[-73.9304601,40.5910012],[-73.9306964,40.5910185],[-73.9304496,40.5910797],[-73.9307258,40.5910899],[-73.930372,40.5912114],[-73.9306044,40.5911862],[-73.9304054,40.5917309],[-73.9306058,40.5915414],[-73.9303644,40.5924801],[-73.9303622,40.5923118],[-73.9301762,40.5924062],[-73.9303536,40.592555],[-73.9301897,40.5924541],[-73.9299125,40.5928534],[-73.930099,40.5928724],[-73.9300524,40.5930002],[-73.9298907,40.5928708],[-73.9297128,40.59312],[-73.9300424,40.5930609],[-73.9299559,40.5933086],[-73.9297415,40.5931439],[-73.9298232,40.5933727],[-73.9300392,40.5933484],[-73.9297808,40.5934367],[-73.9299612,40.5940057],[-73.9302152,40.5939729],[-73.9300816,40.5935955],[-73.9302276,40.5939306],[-73.9305249,40.5938802],[-73.9303597,40.5939759],[-73.9305468,40.5941993],[-73.9302993,40.5939381],[-73.9300401,40.5941049],[-73.9304325,40.5944027],[-73.9307612,40.5943819],[-73.9306231,40.5942045],[-73.9308345,40.5944136],[-73.930663,40.594464],[-73.9308321,40.5944307],[-73.9309352,40.5944599],[-73.9312206,40.5941833],[-73.9309546,40.5944659],[-73.9313668,40.5945292],[-73.9317639,40.5942841],[-73.9316131,40.5945035],[-73.9313681,40.5945465],[-73.9308463,40.5944515],[-73.9307813,40.594499],[-73.9323083,40.5949163],[-73.9325634,40.5947635],[-73.9326042,40.5949295],[-73.9328265,40.5948037],[-73.9326765,40.5942364],[-73.9317589,40.5928301],[-73.9317109,40.5930503],[-73.9314368,40.5921671],[-73.9311396,40.5920089],[-73.9314,40.5918049],[-73.9310099,40.591931],[-73.931353,40.5917912],[-73.9314257,40.5916042],[-73.9310704,40.5917288],[-73.931076,40.5915976],[-73.9313054,40.5913604],[-73.9312459,40.591637],[-73.9314225,40.5915886],[-73.9315594,40.591293],[-73.9312129,40.5895313],[-73.9306857,40.588822],[-73.9300914,40.5889889],[-73.9306502,40.5886699],[-73.9303997,40.5884655],[-73.9297285,40.5886139],[-73.9303855,40.5884416],[-73.9297223,40.5875601],[-73.9313492,40.5873282],[-73.9312519,40.5868498],[-73.9285739,40.5870615],[-73.9280823,40.5866977],[-73.9281497,40.5861781],[-73.9279193,40.5861358],[-73.9282767,40.5861069],[-73.928157,40.5858645],[-73.9273696,40.5860066],[-73.9275864,40.5862541],[-73.9275162,40.5863983],[-73.9273043,40.5858659],[-73.9254935,40.5850193],[-73.9263454,40.5852762],[-73.9252908,40.5846407],[-73.9234497,40.5848179],[-73.9201956,40.5846345],[-73.9156611,40.5862235],[-73.9134996,40.5860958],[-73.9125859,40.5855667],[-73.9123679,40.5845262],[-73.9127108,40.5836999],[-73.9124602,40.5833518],[-73.9130466,40.5830075],[-73.9130544,40.5831867],[-73.9146317,40.5827576],[-73.9149869,40.5831528],[-73.916142,40.5828574],[-73.9165635,40.583152],[-73.9172986,40.5831908],[-73.916811,40.582762],[-73.9163264,40.5828189],[-73.9159615,40.5824358],[-73.9154129,40.5823641],[-73.9143867,40.5823832],[-73.9144643,40.5826093],[-73.9141732,40.5828014],[-73.913726,40.5827289],[-73.9133591,40.582954],[-73.9129691,40.5829728],[-73.9129938,40.5827067],[-73.9128538,40.5830123],[-73.9119106,40.5829634],[-73.9112864,40.5823136],[-73.9115416,40.581794],[-73.9144408,40.5817127],[-73.9150552,40.5815436],[-73.9181401,40.5821387],[-73.9222127,40.5832513],[-73.924436,40.5835582],[-73.9296325,40.5833988],[-73.9305967,40.5831968],[-73.9308877,40.5829408],[-73.9307407,40.5827589],[-73.9311795,40.5827157],[-73.9317142,40.5828118],[-73.9319443,40.5831089],[-73.9319281,40.5828698],[-73.932377,40.5829185],[-73.9320138,40.582926],[-73.9320184,40.5831111],[-73.9325988,40.5829193],[-73.9342097,40.5829798],[-73.9356907,40.5832751],[-73.9358244,40.5830211],[-73.9357666,40.5832775],[-73.9361323,40.5833145],[-73.9362872,40.5830009],[-73.9360967,40.5829487],[-73.9365661,40.5829576],[-73.9363003,40.583003],[-73.9365759,40.5832405],[-73.9369743,40.5832303],[-73.9369877,40.5830163],[-73.9366331,40.5829722],[-73.9370592,40.582978],[-73.9370529,40.5830847],[-73.9376327,40.5830963],[-73.9370268,40.5831259],[-73.9370056,40.583016],[-73.9370148,40.5832333],[-73.9371246,40.5833467],[-73.9381192,40.5833405],[-73.9380942,40.5831168],[-73.9385528,40.583338],[-73.9386276,40.583067],[-73.9392964,40.5831673],[-73.9393015,40.5833332],[-73.9398254,40.5833314],[-73.9398288,40.5831705],[-73.9398585,40.5833313],[-73.9405775,40.5833282],[-73.9405661,40.5830874],[-73.940109,40.5830751],[-73.9406766,40.5830658],[-73.9405887,40.5832069],[-73.9407002,40.5833276],[-73.9409165,40.5833024],[-73.9407384,40.5830756],[-73.9410252,40.5830704],[-73.9409342,40.5833023],[-73.941157,40.5832992],[-73.9410984,40.5830948],[-73.9412016,40.5830905],[-73.9415741,40.5836076],[-73.9425513,40.5835145],[-73.9420203,40.5831104],[-73.9427017,40.5835088],[-73.9430471,40.5834921],[-73.9425632,40.5831273],[-73.9431951,40.5834897],[-73.9435447,40.583471],[-73.9430933,40.5831345],[-73.9436915,40.5834678],[-73.9440676,40.583472],[-73.9437651,40.5831447],[-73.944234,40.58348],[-73.9446183,40.5834966],[-73.9443206,40.5831594],[-73.9447754,40.5835078],[-73.9451748,40.5835214],[-73.9448451,40.5831642],[-73.9453499,40.5835291],[-73.9457301,40.5835449],[-73.9452667,40.5831825],[-73.9462863,40.5835687],[-73.9457994,40.5831946],[-73.9464343,40.5835632],[-73.9467895,40.5835505],[-73.946316,40.5832069],[-73.946918,40.583546],[-73.9472683,40.5835332],[-73.946822,40.5831912],[-73.9474687,40.5835282],[-73.9534932,40.5829882],[-73.9533014,40.5820027],[-73.9496967,40.5823194],[-73.9427406,40.5809956],[-73.9325801,40.5812647],[-73.9310629,40.5761631],[-73.9315026,40.5756605],[-73.9348609,40.5755278],[-73.9348936,40.5752216],[-73.9350786,40.5755095],[-73.9364711,40.5758605],[-73.9367204,40.5754183],[-73.9368312,40.57556],[-73.9425091,40.5753736],[-73.9425571,40.5755643],[-73.9443931,40.5757888],[-73.9446332,40.5756912],[-73.9446005,40.5752355],[-73.9447444,40.5755137],[-73.9457235,40.5755594],[-73.9461824,40.5752988],[-73.9459239,40.5751154],[-73.9525778,40.5742041],[-73.9537426,40.5742972],[-73.9540833,40.5740733],[-73.9541336,40.5743333],[-73.9556948,40.574327],[-73.9563451,40.5742072],[-73.9563453,40.5737976],[-73.9565675,40.5741708],[-73.9584348,40.5740888],[-73.9589663,40.5739473],[-73.9589872,40.5734307],[-73.9590964,40.5738638],[-73.9598286,40.5739293],[-73.9672029,40.5733263],[-73.9674263,40.5729851],[-73.9675315,40.5731907],[-73.9681851,40.5731779],[-73.9694513,40.5728573],[-73.9692462,40.5723041],[-73.9697558,40.5728469],[-73.9713299,40.5726438],[-73.9711831,40.5719419],[-73.9716071,40.5726282],[-73.9729348,40.5724746],[-73.973345,40.5723212],[-73.9732499,40.5716267],[-73.9734481,40.5722721],[-73.9752856,40.5720498],[-73.9754708,40.571969],[-73.9754056,40.571421],[-73.9756792,40.571956],[-73.9771336,40.5718971],[-73.9776638,40.5717294],[-73.9776709,40.571171],[-73.978076,40.5712296],[-73.9777153,40.5712519],[-73.977808,40.5717562],[-73.9784549,40.5718922],[-73.9798469,40.5715393],[-73.9794252,40.571221],[-73.979772,40.5712401],[-73.980008,40.5717088],[-73.9820408,40.5714804],[-73.9815716,40.57125],[-73.9820266,40.5712762],[-73.9821771,40.5715606],[-73.9828272,40.5715424],[-73.9836727,40.5714071],[-73.9834044,40.5701655],[-73.9830433,40.5701459],[-73.9833917,40.5700947],[-73.9833606,40.56953],[-73.9834852,40.570089],[-73.9838395,40.5701125],[-73.9834884,40.570156],[-73.9837579,40.5713962],[-73.9880372,40.5709851],[-73.9886203,40.5708961],[-73.9885777,40.5706979],[-73.9887215,40.5708837],[-73.9902627,40.5707083],[-73.9907731,40.5705994],[-73.9907926,40.5702486],[-73.9908637,40.570602],[-73.9911934,40.5706119],[-73.9927285,40.5704338],[-73.992981,40.5701968],[-73.9931574,40.5703798],[-73.9949376,40.5703547],[-73.9951873,40.5700219],[-73.995293,40.5703213],[-73.9971949,40.5703486],[-73.9973694,40.5701373],[-73.9976671,40.5703748],[-73.9984678,40.5704974],[-74.0007786,40.570491],[-74.0020117,40.5702088],[-74.0020855,40.569586],[-74.0024871,40.5717384],[-74.0047994,40.5728789],[-74.006689,40.5733972],[-74.0100741,40.5738308],[-74.0111567,40.5741668],[-74.0120154,40.5748851],[-74.0130272,40.5778509],[-74.0123504,40.5792218],[-74.0114793,40.5800784],[-74.0081203,40.5816223],[-74.0060473,40.5819837],[-74.0029437,40.5814328],[-74.0005599,40.5812974],[-73.9996415,40.5813166],[-73.9981826,40.5817254],[-73.9977646,40.5814543],[-73.9977178,40.5807068],[-73.9918291,40.5792471],[-73.9903621,40.5794246],[-73.9889909,40.5788351],[-73.9884283,40.5788158],[-73.9873906,40.579087],[-73.9866954,40.5798149],[-73.9870214,40.5800228],[-73.9858857,40.5811444],[-73.9860451,40.5817207],[-73.9869451,40.5811364],[-73.9876393,40.5799176],[-73.9880357,40.5796338],[-73.989955,40.5806617],[-73.9916301,40.5810799],[-73.9918253,40.5817385],[-73.9902624,40.5846191],[-73.9954719,40.5822101],[-73.9960553,40.5821289],[-74.0001792,40.583074],[-74.0003595,40.5841864],[-73.9987876,40.5851529],[-73.9980852,40.5853647],[-73.999706,40.5856898],[-73.9995651,40.5862439],[-73.9981453,40.5865317],[-73.9941731,40.5883829],[-73.9956605,40.5879362],[-73.994079,40.5886934],[-73.9942155,40.5888685],[-73.9955525,40.5882648],[-73.9950995,40.5885925],[-73.9979564,40.5872695],[-73.9948768,40.5887717],[-73.9953474,40.5893314],[-74.0001145,40.5869516],[-74.0001089,40.5865607],[-74.0003737,40.5864748],[-74.0003821,40.5871331],[-73.9978831,40.5883434],[-73.9986729,40.5891955],[-73.9992369,40.5889353],[-73.9994645,40.5892333],[-73.9983783,40.5897704],[-73.9988362,40.5896255],[-73.9984439,40.5898604],[-73.998778,40.5903144],[-73.9984433,40.5902401],[-73.9977597,40.5909525],[-73.9971117,40.591278],[-73.9971898,40.5916062],[-73.9980644,40.5912095],[-73.9972827,40.5917148],[-73.9975485,40.5919176],[-73.9994627,40.5911032],[-73.9999874,40.5911729],[-74.0002308,40.5914785],[-73.9990313,40.5923128],[-73.999483,40.5929692],[-73.9983883,40.5935314],[-74.001096,40.5925187],[-74.002843,40.5951536],[-74.0041136,40.5964503],[-74.005573,40.5975686],[-74.0106553,40.600597],[-74.0147284,40.6020659],[-74.0191356,40.6026128],[-74.0208566,40.6035221],[-74.0300515,40.6047592],[-74.0327068,40.6063311],[-74.0342728,40.6077175],[-74.0348705,40.6085823],[-74.0360398,40.6092956],[-74.0369554,40.611256],[-74.039025,40.613159],[-74.0401309,40.6147919],[-74.0416174,40.6205627],[-74.0418944,40.6243182],[-74.0410647,40.6301918],[-74.0368066,40.6389842],[-74.038763,40.6395883],[-74.038688,40.6397383],[-74.0367248,40.6391412],[-74.0357128,40.6406402],[-74.0367399,40.6414764],[-74.0367031,40.6416856],[-74.0340733,40.6443139],[-74.0328751,40.6435833],[-74.0326413,40.6437873],[-74.0322971,40.6435813],[-74.0325417,40.6438255],[-74.0322687,40.6440744],[-74.0318971,40.6438893],[-74.0305183,40.6452744],[-74.0290809,40.6444036],[-74.0291542,40.6445814],[-74.0288624,40.644866],[-74.0290865,40.644583],[-74.0285012,40.6441776],[-74.0281905,40.6444143],[-74.0284572,40.6441561],[-74.0282057,40.644016],[-74.0260495,40.6462614],[-74.0297408,40.648486],[-74.0293899,40.6488041],[-74.0257176,40.6466155],[-74.0253815,40.6469123],[-74.0250711,40.6467256],[-74.0241457,40.6476151],[-74.0251291,40.6483232],[-74.0249679,40.648606],[-74.0255386,40.6497822],[-74.0248444,40.6505996],[-74.0252058,40.6508185],[-74.0254155,40.6506187],[-74.0260513,40.6509943],[-74.0255297,40.6514786],[-74.0249112,40.6511063],[-74.0251026,40.6508933],[-74.0247716,40.6506877],[-74.0242402,40.6511335],[-74.025416,40.6519338],[-74.0241775,40.6511918],[-74.023594,40.6513157],[-74.0230599,40.6509743],[-74.0228514,40.6511692],[-74.0253689,40.6527214],[-74.0252266,40.6528299],[-74.0215414,40.6506716],[-74.0212465,40.650835],[-74.0213919,40.6509678],[-74.0210523,40.6510983],[-74.0223373,40.6519106],[-74.0208986,40.6512473],[-74.023807,40.6530447],[-74.0235943,40.6532164],[-74.021959,40.6522228],[-74.0211867,40.6528398],[-74.0232046,40.6540961],[-74.0230622,40.6542332],[-74.022102,40.653588],[-74.0216295,40.6536452],[-74.0211496,40.6542108],[-74.0218248,40.6546562],[-74.0216449,40.654879],[-74.0204746,40.6542166],[-74.019192,40.6540226],[-74.0186224,40.6534913],[-74.018119,40.6538853],[-74.0202559,40.6551183],[-74.0200518,40.6553359],[-74.0178741,40.6540615],[-74.0171532,40.6547751],[-74.0198008,40.6564872],[-74.0172672,40.6551942],[-74.0169162,40.6554833],[-74.0166505,40.6553388],[-74.0163944,40.6556206],[-74.0191084,40.6573689],[-74.0186057,40.6578459],[-74.0158537,40.6562132],[-74.0154363,40.6566324],[-74.0177423,40.6580989],[-74.0176855,40.658453],[-74.0150474,40.6569504],[-74.0144213,40.657608],[-74.017458,40.6594502],[-74.0155417,40.6607584],[-74.0140043,40.659812],[-74.0136627,40.6600288],[-74.0118386,40.6589128],[-74.0111075,40.6597063],[-74.0140225,40.6615297],[-74.0131555,40.6619816],[-74.0126536,40.6619817],[-74.0085996,40.6595209],[-74.0074586,40.6605585],[-74.010372,40.6623989],[-74.0104633,40.6626421],[-74.0095507,40.6632677],[-74.0086837,40.663372],[-74.0061614,40.6618451],[-74.0056859,40.6622747],[-74.0042836,40.6614449],[-74.0041462,40.6615616],[-74.006227,40.6627878],[-74.0059236,40.6631083],[-74.0038082,40.6619079],[-74.003488,40.6622406],[-74.004555,40.6628164],[-74.004733,40.6624965],[-74.0053581,40.6628691],[-74.0049716,40.6630682],[-74.0051923,40.6632016],[-74.0053801,40.6628839],[-74.0059975,40.6632586],[-74.0056135,40.6634584],[-74.0076743,40.6647911],[-74.0073052,40.6645976],[-74.0071253,40.6649152],[-74.0065247,40.6645472],[-74.0068822,40.6643404],[-74.0066294,40.6641879],[-74.0064498,40.6645062],[-74.0058416,40.664138],[-74.0062031,40.6639302],[-74.0060461,40.66384],[-74.0057578,40.6639228],[-74.0058492,40.6645033],[-74.0056414,40.6645315],[-74.0056503,40.6639003],[-74.0036286,40.6627348],[-74.0034035,40.6629857],[-74.0045924,40.6637352],[-74.0043229,40.6640523],[-74.0052813,40.664657],[-74.0048619,40.6650648],[-74.0011352,40.6629017],[-73.9995315,40.6643975],[-74.0029246,40.6664623],[-74.0022403,40.6667938],[-74.0016195,40.6667663],[-74.0012061,40.6670181],[-74.0014647,40.6671696],[-74.0006877,40.667546],[-73.9999815,40.6674503],[-73.999026,40.668443],[-73.9990263,40.6690079],[-73.9992405,40.6683063],[-73.9990794,40.6690383],[-73.9986558,40.6695148],[-73.9989116,40.6696486],[-73.9985582,40.6713355],[-73.9987694,40.671602],[-74.0003034,40.6687169],[-74.0010566,40.6689457],[-74.0014153,40.6683594],[-74.0022151,40.6685786],[-74.0028948,40.6673485],[-74.0031908,40.6672632],[-74.0036946,40.6674276],[-74.0036303,40.6675675],[-74.0051023,40.6679756],[-74.0058637,40.6679938],[-74.0068364,40.6660561],[-74.006964,40.6660514],[-74.0047539,40.6707214],[-74.0054393,40.6709215],[-74.0075482,40.6670517],[-74.0077965,40.6671598],[-74.0070872,40.6685914],[-74.0098541,40.6685236],[-74.0115402,40.6650859],[-74.0157487,40.6645683],[-74.0169027,40.6648466],[-74.0178872,40.6658505],[-74.0185761,40.6703924],[-74.0187634,40.6710759],[-74.0193395,40.6716249],[-74.0175104,40.6710345],[-74.0164867,40.6649305],[-74.0160255,40.664863],[-74.015937,40.6654708],[-74.0122797,40.6657324],[-74.0108766,40.6686016],[-74.0103568,40.6686428],[-74.0103385,40.6690782],[-74.0109102,40.6691905],[-74.0108734,40.6697101],[-74.0115429,40.6697843],[-74.0116253,40.670581],[-74.0142493,40.6697286],[-74.0117535,40.6706578],[-74.0120783,40.6709336],[-74.0126196,40.6708419],[-74.0142741,40.6713793],[-74.0151998,40.670754],[-74.0138727,40.6718808],[-74.0142329,40.67213],[-74.0156863,40.6710388],[-74.0129759,40.6733279],[-74.0133638,40.6735915],[-74.0151192,40.672157],[-74.016321,40.6729083],[-74.0145795,40.674414],[-74.0149639,40.6746776],[-74.0181684,40.6719392],[-74.0188009,40.6722508],[-74.0172714,40.6736086],[-74.0177525,40.6740477],[-74.0180108,40.6739132],[-74.0178019,40.6740954],[-74.0181762,40.6744642],[-74.0178345,40.6752582],[-74.018298,40.6754592],[-74.0181707,40.6752909],[-74.0183869,40.6750968],[-74.0185216,40.6752687],[-74.0188851,40.6750878],[-74.0184103,40.6755191],[-74.0185039,40.6758374],[-74.0180175,40.6758844],[-74.0179197,40.6765148],[-74.0197693,40.6766132],[-74.019952,40.677103],[-74.0190826,40.6771396],[-74.0191774,40.6778269],[-74.0184304,40.6779083],[-74.018411,40.6784071],[-74.019662,40.6783856],[-74.0182703,40.6785542],[-74.0185788,40.6789831],[-74.0195401,40.6789682],[-74.0192813,40.6796481],[-74.0152008,40.6819794],[-74.0153206,40.6821107],[-74.01282,40.6836224],[-74.0121348,40.6829059],[-74.0141055,40.6817125],[-74.0136086,40.6812219],[-74.013874,40.6810098],[-74.0130184,40.6804124],[-74.0096711,40.6832687],[-74.0107731,40.6843586],[-74.0117827,40.68376],[-74.0119326,40.6838877],[-74.0079818,40.6862758],[-74.0070199,40.6865264],[-74.0058822,40.6861958],[-74.0045927,40.6882152],[-74.0038204,40.6889296],[-74.0029757,40.6904266],[-74.0019632,40.6901364],[-74.001853,40.690388],[-74.0009616,40.6901288],[-74.0006991,40.6906119],[-74.0013256,40.6914631],[-74.0019694,40.6918432],[-74.0017436,40.6924067],[-74.0009587,40.6940691],[-73.999413,40.6963577],[-73.9994741,40.6967041],[-73.9988721,40.6969238],[-73.997499,40.6996389],[-73.9971605,40.6997928],[-73.9972446,40.7001414],[-73.9946629,40.7034306],[-73.9949954,40.7036506],[-73.9945698,40.7043763],[-73.992127,40.7046896],[-73.9918616,40.7040866],[-73.9909476,40.7040324],[-73.9902272,40.704934],[-73.9883033,40.7045405],[-73.98829,40.7050707],[-73.9879568,40.7051342],[-73.9868725,40.7051573],[-73.9865297,40.7049791],[-73.9864343,40.7053486],[-73.9834381,40.7056441],[-73.9833682,40.7054611],[-73.9827416,40.7055724],[-73.9809251,40.7053693],[-73.9809086,40.7059079],[-73.9795592,40.7057436],[-73.9790505,40.705967],[-73.9792433,40.7055512],[-73.9789636,40.7055022],[-73.9788191,40.7058625],[-73.9789277,40.7054962],[-73.9787383,40.7054631],[-73.9786391,40.7058306],[-73.9786844,40.7054542],[-73.9783923,40.7059707],[-73.978853,40.7060655],[-73.9783447,40.706],[-73.978532,40.7048765],[-73.9780207,40.704291],[-73.977212,40.7042139],[-73.9775122,40.7031968],[-73.9771356,40.7030056],[-73.9762386,40.7047756],[-73.975961,40.7047155],[-73.9769275,40.7027978],[-73.9761594,40.7021713],[-73.9755346,40.7030428],[-73.9753299,40.7029519],[-73.9760059,40.7019461],[-73.9745502,40.7015903],[-73.9757995,40.6997524],[-73.9757175,40.6995709],[-73.97536,40.6995805],[-73.9741151,40.7013053],[-73.9729264,40.7002946],[-73.972392,40.7001663],[-73.973757,40.7015341],[-73.9731868,40.7016698],[-73.9711382,40.6999179],[-73.970782,40.6999787],[-73.9733246,40.7024127],[-73.9728351,40.7027287],[-73.9698256,40.7002451],[-73.9694866,40.7005191],[-73.9728389,40.7033464],[-73.9726694,40.7035014],[-73.9692454,40.7013647],[-73.9689852,40.7017471],[-73.9723125,40.7038445],[-73.972158,40.7039702],[-73.9711034,40.7034597],[-73.9710196,40.7038156],[-73.9746557,40.7060743],[-73.9743908,40.7063258],[-73.9733923,40.7057332],[-73.9725488,40.7062045],[-73.9746297,40.7076811],[-73.9742362,40.7080244],[-73.9710966,40.7058501],[-73.9710569,40.7069464],[-73.9727576,40.7088313],[-73.9723203,40.7090829],[-73.9702622,40.7068875],[-73.9704888,40.7054007],[-73.9701689,40.7053619],[-73.9701808,40.7049293],[-73.9675152,40.7034374],[-73.9674767,40.7039499],[-73.9692969,40.7050883],[-73.969293,40.7070933],[-73.9698486,40.708003],[-73.969942,40.7093021],[-73.9696054,40.7102708],[-73.9700694,40.7104541],[-73.9696619,40.7104997],[-73.9697688,40.7107883],[-73.9693743,40.7110207],[-73.9699077,40.7112681],[-73.9693104,40.7111079],[-73.9692349,40.7112405],[-73.9688725,40.7125787],[-73.9684423,40.7129384],[-73.9688492,40.7132125],[-73.9672403,40.7165879],[-73.9672511,40.7169867],[-73.9663133,40.7183165],[-73.9651195,40.7192269],[-73.9653943,40.7195815],[-73.9652775,40.7201183],[-73.9650328,40.7203771],[-73.9644795,40.7200362],[-73.9643974,40.7204418],[-73.9627567,40.722399],[-73.9616598,40.7248605],[-73.9621146,40.7251481],[-73.9619024,40.7253205],[-73.9615368,40.7251089],[-73.9611637,40.7252646],[-73.9583308,40.7244117],[-73.9580392,40.7244274],[-73.9579418,40.7246492],[-73.957951,40.7250364],[-73.9584261,40.7254005],[-73.960125,40.7253196],[-73.9602854,40.7259481],[-73.9616152,40.7258656],[-73.9616172,40.7266614],[-73.9610169,40.7287044],[-73.9614284,40.7309464],[-73.9622634,40.7329156],[-73.9622852,40.7340477],[-73.9615749,40.7351796],[-73.9598293,40.7370609],[-73.9583751,40.7380969],[-73.95693,40.7388871],[-73.9543956,40.7391148],[-73.9519879,40.7387476]]],[[[-73.9186589,40.5994724],[-73.9184355,40.5991664],[-73.9162639,40.5981611],[-73.9160321,40.5975272],[-73.9144151,40.596045],[-73.9130759,40.5941452],[-73.9132634,40.5922495],[-73.913009,40.5920192],[-73.9143942,40.5915117],[-73.9152448,40.5915875],[-73.9160499,40.5922026],[-73.9164411,40.5931268],[-73.9178754,40.5947222],[-73.9201995,40.5961833],[-73.9208295,40.5963347],[-73.9208968,40.5966127],[-73.9218228,40.5973329],[-73.922272,40.5983768],[-73.9221305,40.5986626],[-73.9208489,40.5995414],[-73.9199006,40.5996005],[-73.9186589,40.5994724]]],[[[-73.8710814,40.5989011],[-73.8704941,40.6026044],[-73.8702628,40.6016812],[-73.8701949,40.5989964],[-73.8710814,40.5989011]]],[[[-73.8710933,40.6046942],[-73.8710566,40.6062851],[-73.8724558,40.6081855],[-73.8730012,40.6105555],[-73.8718008,40.6102804],[-73.8710387,40.6097236],[-73.8696644,40.6065401],[-73.8710933,40.6046942]]],[[[-73.8696707,40.5966886],[-73.870209,40.5969542],[-73.8695271,40.5987138],[-73.8696707,40.5966886]]],[[[-73.8695624,40.6172471],[-73.8739531,40.6158394],[-73.8779807,40.6157983],[-73.8786219,40.6159354],[-73.8795158,40.6165615],[-73.8797825,40.6175394],[-73.8797353,40.6189261],[-73.878882,40.6205735],[-73.877791,40.6216522],[-73.8766263,40.6222307],[-73.8748139,40.6235872],[-73.8664548,40.6282554],[-73.8651879,40.6276628],[-73.8647277,40.6265255],[-73.8649819,40.6256607],[-73.8655359,40.625242],[-73.8658658,40.6243898],[-73.8665086,40.623754],[-73.8663758,40.6230036],[-73.8652294,40.6218883],[-73.8649326,40.621115],[-73.8650083,40.6205467],[-73.8657583,40.6185014],[-73.8668487,40.6178093],[-73.8687292,40.6173568],[-73.8695624,40.6172471]]],[[[-73.8676819,40.6030708],[-73.8683081,40.6031392],[-73.8679351,40.6039611],[-73.8670261,40.6041716],[-73.8670291,40.6037434],[-73.8676819,40.6030708]]],[[[-73.8687432,40.6070352],[-73.8686847,40.6082412],[-73.867775,40.6085395],[-73.867024,40.6080682],[-73.8687432,40.6070352]]],[[[-73.8638124,40.583604],[-73.8644925,40.5836149],[-73.867728,40.5816634],[-73.8689629,40.5816938],[-73.870506,40.583342],[-73.870615,40.5849154],[-73.8711592,40.5868739],[-73.8698136,40.5894609],[-73.8684967,40.5900899],[-73.8663505,40.5918927],[-73.8643083,40.5914147],[-73.8632727,40.5909081],[-73.861253,40.5879881],[-73.8616745,40.5861448],[-73.8632747,40.5838768],[-73.8638124,40.583604]]],[[[-73.8622343,40.6238156],[-73.8624905,40.6239164],[-73.8627113,40.6234254],[-73.8630388,40.623303],[-73.8635074,40.6234096],[-73.8637774,40.6239514],[-73.8634332,40.623897],[-73.863435,40.6242041],[-73.8631498,40.6239507],[-73.8626491,40.6239575],[-73.8620647,40.6243215],[-73.862124,40.6239904],[-73.8622343,40.6238156]]],[[[-73.8578413,40.6251909],[-73.8576551,40.6253096],[-73.8573291,40.625117],[-73.8577744,40.6248235],[-73.8578413,40.6251909]]],[[[-73.8525665,40.6312441],[-73.8516674,40.6308705],[-73.8521861,40.630359],[-73.8536623,40.6308761],[-73.8550927,40.6301102],[-73.8567968,40.6298415],[-73.85776,40.6299414],[-73.8585584,40.6304583],[-73.8580962,40.6312499],[-73.8581637,40.6319739],[-73.8575849,40.6327162],[-73.8553547,40.6328123],[-73.8549674,40.6334166],[-73.8543462,40.6337226],[-73.8532782,40.6338518],[-73.8524125,40.6336435],[-73.8523134,40.6332203],[-73.8530001,40.6320228],[-73.8525665,40.6312441]]],[[[-73.8546586,40.5965784],[-73.8549265,40.5963017],[-73.8567336,40.5960758],[-73.8604442,40.5964719],[-73.8605498,40.597063],[-73.8627482,40.5990712],[-73.8632866,40.59981],[-73.86336,40.6003222],[-73.8618719,40.6021643],[-73.8611281,40.6025503],[-73.8607817,40.6026084],[-73.8604888,40.6023393],[-73.8590591,40.6020614],[-73.854826,40.6018672],[-73.8542739,40.6014304],[-73.8537209,40.6014007],[-73.8527684,40.6009489],[-73.8507675,40.5988394],[-73.8515312,40.5984339],[-73.8524334,40.5973334],[-73.8546586,40.5965784]]],[[[-73.8496715,40.61211],[-73.8498614,40.6119597],[-73.8495504,40.6114568],[-73.8498569,40.6110128],[-73.8496047,40.610884],[-73.8496826,40.6103973],[-73.8494962,40.6103294],[-73.8500933,40.6101621],[-73.8494215,40.6098221],[-73.8498688,40.6098232],[-73.8499317,40.6094285],[-73.8503925,40.6096468],[-73.8513478,40.6092668],[-73.8516987,40.6086115],[-73.8520781,40.6086891],[-73.8529525,40.6079628],[-73.8533675,40.6080107],[-73.8532422,40.6077307],[-73.8534511,40.6079216],[-73.8544588,40.6078958],[-73.8536264,40.6072647],[-73.8544196,40.6071684],[-73.8547754,40.6074906],[-73.8550664,40.6074599],[-73.8546402,40.6076946],[-73.8548034,40.6085962],[-73.8555495,40.6089825],[-73.8552487,40.6095433],[-73.8559468,40.6095374],[-73.8558904,40.60991],[-73.8562021,40.6100677],[-73.8566,40.6108345],[-73.8561869,40.6110455],[-73.855361,40.6104141],[-73.8554169,40.6101153],[-73.8532234,40.610138],[-73.8527039,40.610418],[-73.8519638,40.6102437],[-73.8519921,40.610557],[-73.8526318,40.6109845],[-73.8526533,40.6111739],[-73.8524522,40.6109409],[-73.8517228,40.6109498],[-73.8519647,40.6111966],[-73.8517403,40.6115689],[-73.8514205,40.6117746],[-73.851057,40.6114699],[-73.8509581,40.6119641],[-73.8506936,40.6119835],[-73.8504762,40.6123422],[-73.8496715,40.61211]]],[[[-73.8493949,40.6224799],[-73.8484637,40.6223657],[-73.8490808,40.6216887],[-73.8490233,40.6214824],[-73.8498229,40.6212993],[-73.8502571,40.620999],[-73.8501898,40.6208344],[-73.8504893,40.6208925],[-73.8508511,40.6202472],[-73.8511016,40.6203761],[-73.8513515,40.6201398],[-73.8520586,40.6202855],[-73.8534671,40.6201977],[-73.8540221,40.6198681],[-73.8549144,40.6200338],[-73.8554564,40.6197975],[-73.8561427,40.6198315],[-73.8565516,40.6195673],[-73.8567635,40.6204057],[-73.8574017,40.6203037],[-73.8573744,40.620647],[-73.8570006,40.6207479],[-73.8570595,40.6210219],[-73.8566044,40.6211429],[-73.8565682,40.6214787],[-73.8563502,40.6214162],[-73.8559629,40.621797],[-73.8553298,40.6216882],[-73.8551713,40.6219593],[-73.854969,40.621646],[-73.8546436,40.621594],[-73.8545116,40.6207957],[-73.853589,40.6204618],[-73.8518533,40.6205652],[-73.8514032,40.6208028],[-73.8512929,40.6218365],[-73.8523604,40.6229749],[-73.8518983,40.6227938],[-73.8517956,40.6233462],[-73.8513328,40.6234671],[-73.8508981,40.6232738],[-73.850248,40.6235848],[-73.8502309,40.6233208],[-73.8493949,40.6224799]]],[[[-73.8484485,40.6304489],[-73.8486844,40.630459],[-73.8486937,40.6306127],[-73.8485199,40.630561],[-73.8484485,40.6304489]]],[[[-73.8482611,40.6057794],[-73.8487196,40.6058903],[-73.8485434,40.6059636],[-73.8484034,40.6059208],[-73.8482611,40.6057794]]],[[[-73.8479528,40.605355],[-73.8478368,40.605085],[-73.8482487,40.6051423],[-73.8482798,40.6054333],[-73.8479528,40.605355]]],[[[-73.8484336,40.6285989],[-73.8483683,40.6288716],[-73.8481259,40.6288404],[-73.8481398,40.6285427],[-73.8484336,40.6285989]]],[[[-73.8464085,40.6044846],[-73.8460806,40.6045446],[-73.8464137,40.6041874],[-73.84607,40.6043123],[-73.8457832,40.6048216],[-73.8449532,40.6047732],[-73.8452281,40.6047708],[-73.845571,40.6045442],[-73.8451862,40.6044693],[-73.8451751,40.6046991],[-73.8445487,40.6047983],[-73.8444549,40.6046873],[-73.844963,40.6043757],[-73.844922,40.6036821],[-73.845216,40.6038609],[-73.8455016,40.6038532],[-73.8451543,40.6037311],[-73.845623,40.6035194],[-73.8461962,40.6041813],[-73.8462923,40.6040476],[-73.8466663,40.6041779],[-73.846382,40.6044101],[-73.8466459,40.6045808],[-73.8474533,40.6044561],[-73.8478625,40.6047027],[-73.8477646,40.6049076],[-73.8467365,40.604853],[-73.8464085,40.6044846]]],[[[-73.8466244,40.6351942],[-73.8467627,40.6343615],[-73.8475995,40.6334873],[-73.8478265,40.6327797],[-73.8490395,40.6321377],[-73.8499938,40.6321196],[-73.8498819,40.6340966],[-73.8488553,40.6354354],[-73.8482798,40.6374716],[-73.8476456,40.6382797],[-73.8466791,40.6387317],[-73.8460498,40.6384659],[-73.8454475,40.6373702],[-73.8442727,40.6366923],[-73.845018,40.6356808],[-73.8463846,40.6352858],[-73.8466244,40.6351942]]],[[[-73.8447655,40.6248546],[-73.8447786,40.6242374],[-73.843836,40.6242925],[-73.8438916,40.6238118],[-73.8432222,40.6236537],[-73.8429386,40.6233239],[-73.8433397,40.623369],[-73.8442832,40.622955],[-73.845367,40.6230486],[-73.8450993,40.6234231],[-73.8455398,40.6240749],[-73.8452104,40.6240745],[-73.8452056,40.624354],[-73.8458012,40.6245963],[-73.8458946,40.6249718],[-73.8447655,40.6248546]]],[[[-73.84357,40.6136715],[-73.8436865,40.6133654],[-73.8434313,40.6129716],[-73.8426418,40.613173],[-73.8418366,40.6126882],[-73.8415094,40.6123192],[-73.8415779,40.6118257],[-73.8407082,40.611634],[-73.8406747,40.6114463],[-73.8403411,40.6120419],[-73.839802,40.6123617],[-73.8391121,40.6124665],[-73.8387138,40.6119948],[-73.8387959,40.6127961],[-73.8381771,40.6130804],[-73.83708,40.6128802],[-73.836228,40.61219],[-73.8369708,40.611111],[-73.8375222,40.6108587],[-73.8374609,40.6101567],[-73.8378102,40.6100501],[-73.8385186,40.6092353],[-73.8388708,40.6079058],[-73.8391011,40.6083131],[-73.8396021,40.6080639],[-73.8397782,40.608282],[-73.8400432,40.6082343],[-73.8400961,40.6089619],[-73.8404966,40.6085554],[-73.8404342,40.6082669],[-73.8393593,40.6076149],[-73.8399944,40.6075356],[-73.840513,40.6069595],[-73.8410132,40.6070339],[-73.8413628,40.606794],[-73.8412674,40.6062523],[-73.8409692,40.6060788],[-73.8406101,40.6062728],[-73.8406124,40.6060659],[-73.8404188,40.6061535],[-73.840598,40.6054034],[-73.8407517,40.6056429],[-73.8412285,40.6055279],[-73.8410554,40.6052115],[-73.8413416,40.6050922],[-73.8411295,40.6046903],[-73.8415841,40.6044772],[-73.8419478,40.6047768],[-73.8429583,40.6042142],[-73.8432662,40.604424],[-73.8439733,40.6041045],[-73.8445268,40.6043228],[-73.8436193,40.6043971],[-73.8433916,40.604682],[-73.8427063,40.6046394],[-73.8426675,40.6050784],[-73.8424367,40.6048442],[-73.8419362,40.60493],[-73.8424315,40.6052864],[-73.842966,40.6050692],[-73.8428239,40.6047261],[-73.8431852,40.6048388],[-73.8432434,40.605108],[-73.8433484,40.6051755],[-73.8433825,40.6049865],[-73.8438229,40.6054293],[-73.8435655,40.6058488],[-73.8439005,40.6064165],[-73.8439394,40.6059839],[-73.8437085,40.6058233],[-73.8440542,40.6054456],[-73.843622,40.6050573],[-73.8437957,40.6045031],[-73.844606,40.6050362],[-73.8446917,40.6061451],[-73.8443308,40.6058146],[-73.844112,40.6058912],[-73.8445771,40.6066033],[-73.844624,40.6063309],[-73.8452969,40.6062677],[-73.8452976,40.6059665],[-73.8450497,40.6058604],[-73.8453949,40.6057102],[-73.8450505,40.6055271],[-73.8453073,40.6053897],[-73.8449391,40.6050325],[-73.8458151,40.6051608],[-73.8462703,40.6047117],[-73.8467461,40.6051048],[-73.8474674,40.6050825],[-73.8472727,40.6058227],[-73.8466716,40.6060379],[-73.8468316,40.6057982],[-73.8465845,40.6058308],[-73.846612,40.6060926],[-73.8459099,40.6062923],[-73.8462492,40.6064112],[-73.84611,40.6066438],[-73.8461777,40.6067624],[-73.846634,40.6067561],[-73.8463533,40.6070501],[-73.8463903,40.6072978],[-73.8466893,40.6068725],[-73.8466333,40.6065948],[-73.8468429,40.6067277],[-73.846891,40.6065742],[-73.8466626,40.6065397],[-73.8464522,40.6067255],[-73.8461999,40.6066272],[-73.8464444,40.6062233],[-73.8469656,40.6060653],[-73.8476614,40.6059192],[-73.8488443,40.6063682],[-73.849636,40.6060284],[-73.8496988,40.606564],[-73.8493472,40.6067434],[-73.8492146,40.6065445],[-73.848757,40.6065182],[-73.8483003,40.6068867],[-73.8480611,40.6067295],[-73.8482346,40.6070908],[-73.8475459,40.6069797],[-73.8469805,40.607513],[-73.8468244,40.6080632],[-73.8462041,40.6079197],[-73.8455977,40.6083226],[-73.8448623,40.6080877],[-73.8455005,40.6085116],[-73.846279,40.6082787],[-73.8458283,40.6086178],[-73.8459539,40.6088263],[-73.8455533,40.6093353],[-73.8457416,40.6097329],[-73.8453882,40.6097837],[-73.845678,40.6099539],[-73.8454211,40.6101331],[-73.8457358,40.6104283],[-73.8455296,40.6104729],[-73.8457518,40.610768],[-73.8455247,40.6107966],[-73.8457334,40.611441],[-73.8448555,40.6110296],[-73.8452581,40.6114917],[-73.8450753,40.6123342],[-73.8457091,40.6128767],[-73.8452567,40.6132699],[-73.8456443,40.6136922],[-73.8447349,40.6139692],[-73.84357,40.6136715]]],[[[-73.8397316,40.6273248],[-73.8397738,40.6274975],[-73.839467,40.6272938],[-73.8396519,40.626975],[-73.8401468,40.6267912],[-73.8407212,40.6258647],[-73.8408439,40.6261379],[-73.8416867,40.6263965],[-73.8417907,40.6265893],[-73.8415072,40.6267814],[-73.8423818,40.6274408],[-73.8404465,40.6265862],[-73.8401454,40.6269864],[-73.840669,40.6274136],[-73.8404847,40.6274953],[-73.8397316,40.6273248]]],[[[-73.8341387,40.6223522],[-73.8336224,40.6226026],[-73.8336821,40.6213813],[-73.8341226,40.6209842],[-73.8349872,40.6210113],[-73.8346442,40.6219968],[-73.8350183,40.6226811],[-73.8347803,40.6226255],[-73.8341387,40.6223522]]],[[[-73.8357359,40.6057932],[-73.8353261,40.6068524],[-73.8343739,40.6078515],[-73.8344627,40.6071925],[-73.8357359,40.6057932]]],[[[-73.8340189,40.6143812],[-73.8343417,40.6143654],[-73.8354229,40.6146105],[-73.8358557,40.615209],[-73.836344,40.6151193],[-73.8365081,40.6152958],[-73.8366363,40.6151455],[-73.8377878,40.6155999],[-73.8369099,40.6161509],[-73.8364403,40.6161704],[-73.8352738,40.6172472],[-73.8349622,40.6177803],[-73.8351689,40.618037],[-73.8349608,40.6185329],[-73.8353565,40.6187131],[-73.8357073,40.6197292],[-73.8352294,40.6199582],[-73.8349582,40.6198393],[-73.8351327,40.6195132],[-73.8348892,40.6196069],[-73.8347965,40.6199245],[-73.835312,40.6201454],[-73.8349044,40.6204694],[-73.8345461,40.6203736],[-73.8347232,40.6202201],[-73.8343906,40.6198536],[-73.8338008,40.6196456],[-73.8340716,40.620026],[-73.8342304,40.6198953],[-73.8344733,40.6201218],[-73.8341993,40.620321],[-73.8342802,40.6206477],[-73.8337015,40.6209786],[-73.8340189,40.6143812]]],[[[-73.8337076,40.6236937],[-73.8336358,40.6239553],[-73.8335592,40.623936],[-73.8335934,40.623595],[-73.8337076,40.6236937]]]]}},{"type":"Feature","id":"4","properties":{"code":"4","name":"Queens"},"geometry":{"type":"MultiPolygon","coordinates":[[[[-73.8727741,40.7859419],[-73.8728092,40.7859031],[-73.8728535,40.7859257],[-73.872872,40.785975],[-73.8727741,40.7859419]]],[[[-73.8600132,40.6539734],[-73.8609892,40.6552098],[-73.8604546,40.6550671],[-73.8597924,40.6544762],[-73.85898,40.6526755],[-73.8573194,40.6512371],[-73.8569587,40.6505874],[-73.8572233,40.6502787],[-73.8600132,40.6539734]]],[[[-73.8350482,40.631795],[-73.8357412,40.6313047],[-73.8361726,40.6315391],[-73.8361975,40.6320301],[-73.8359765,40.6322167],[-73.8350482,40.631795]]],[[[-73.8312232,40.6088296],[-73.8313066,40.6084115],[-73.8308267,40.6084742],[-73.8300562,40.6079248],[-73.8297788,40.6071156],[-73.8298773,40.6063228],[-73.8309227,40.605365],[-73.8317751,40.6050944],[-73.8319501,40.6052729],[-73.8322721,40.6051433],[-73.8350818,40.6052539],[-73.835742,40.6057819],[-73.8344627,40.6071925],[-73.834304,40.6079531],[-73.8324703,40.6094615],[-73.8321288,40.6095166],[-73.8312232,40.6088296]]],[[[-73.8311688,40.5914881],[-73.8335738,40.5890352],[-73.8345867,40.5891222],[-73.8351908,40.5893817],[-73.8368795,40.5895203],[-73.8380676,40.5903019],[-73.838147,40.5907338],[-73.8388009,40.5911978],[-73.8383953,40.5903918],[-73.8406261,40.5915346],[-73.8405045,40.5912067],[-73.8417984,40.5920076],[-73.8423793,40.5924783],[-73.84279,40.5933274],[-73.8433647,40.5934701],[-73.8435007,40.5950841],[-73.8405697,40.5973007],[-73.8374583,40.5968629],[-73.8347603,40.5939443],[-73.834,40.5936197],[-73.8319328,40.5934478],[-73.8311688,40.5914881]]],[[[-73.8322794,40.6237352],[-73.8324155,40.6229248],[-73.8330971,40.6224147],[-73.8331082,40.6216809],[-73.8336821,40.6213813],[-73.8336224,40.6226026],[-73.8330842,40.6227614],[-73.8332285,40.6233565],[-73.8326762,40.6239083],[-73.8327713,40.6240307],[-73.8330631,40.6236913],[-73.8332593,40.6238313],[-73.833409,40.623548],[-73.8335592,40.623936],[-73.8327,40.624228],[-73.8321564,40.6246922],[-73.8317932,40.6244736],[-73.83191,40.6241757],[-73.8322794,40.6237352]]],[[[-73.830266,40.6554286],[-73.8298892,40.6555228],[-73.8299456,40.6554245],[-73.8303273,40.6551328],[-73.830266,40.6554286]]],[[[-73.8296083,40.6072564],[-73.8295716,40.6073424],[-73.8295241,40.6073393],[-73.8295304,40.6072407],[-73.8296083,40.6072564]]],[[[-73.8263503,40.6092892],[-73.8258136,40.6089177],[-73.8260471,40.6082918],[-73.8257681,40.6078539],[-73.8262543,40.608018],[-73.8267911,40.6079097],[-73.8256674,40.6077862],[-73.8254072,40.6066997],[-73.8245372,40.6050784],[-73.8246331,40.604724],[-73.8277066,40.6052378],[-73.829086,40.605821],[-73.8294029,40.6065815],[-73.8290397,40.6073552],[-73.8277698,40.6077651],[-73.8274715,40.6082253],[-73.8270797,40.6083331],[-73.8276023,40.6092978],[-73.8273019,40.6094854],[-73.8263503,40.6092892]]],[[[-73.8269036,40.5899288],[-73.8273739,40.5897644],[-73.8273432,40.5899434],[-73.8276118,40.5899828],[-73.8276891,40.5905685],[-73.8270543,40.5909784],[-73.8272855,40.5914788],[-73.8255361,40.5919964],[-73.8255765,40.5917396],[-73.8263722,40.5913934],[-73.8264466,40.5905274],[-73.8269036,40.5899288]]],[[[-73.8227711,40.6355769],[-73.821982,40.6336262],[-73.821846,40.6320402],[-73.8206722,40.6289149],[-73.8201,40.627817],[-73.8182564,40.626996],[-73.818237,40.6263871],[-73.8178887,40.6259085],[-73.816231,40.6246898],[-73.8161755,40.6244126],[-73.8167526,40.6239485],[-73.8179528,40.6240933],[-73.8186435,40.6233749],[-73.818662,40.6228832],[-73.8175488,40.6220874],[-73.8175789,40.6217562],[-73.8167224,40.6215683],[-73.8166237,40.6219672],[-73.8162071,40.6220879],[-73.8153872,40.6214978],[-73.8154317,40.6201165],[-73.8171805,40.6192673],[-73.8177743,40.6175011],[-73.8171189,40.6152822],[-73.8165268,40.614947],[-73.8164315,40.6142823],[-73.8147181,40.6144961],[-73.8144403,40.614749],[-73.8140806,40.6145584],[-73.8146826,40.6139752],[-73.8148572,40.6142992],[-73.8154953,40.6140398],[-73.8147956,40.613194],[-73.8150364,40.6129762],[-73.8154695,40.6133429],[-73.8161563,40.6129421],[-73.8154037,40.6103848],[-73.8145026,40.6110585],[-73.8144988,40.6107355],[-73.8152072,40.6098167],[-73.8147626,40.6084639],[-73.8150613,40.607317],[-73.8157417,40.6064652],[-73.8154607,40.6064281],[-73.8155282,40.6061631],[-73.8155254,40.6064074],[-73.8159596,40.6062625],[-73.8158883,40.605929],[-73.8164253,40.6052241],[-73.8173919,40.6051581],[-73.8172537,40.6039403],[-73.8177203,40.602225],[-73.8183112,40.6013397],[-73.8184907,40.5993896],[-73.8192814,40.5975296],[-73.8203369,40.596649],[-73.8206727,40.5951957],[-73.8212004,40.5947123],[-73.8241351,40.5946331],[-73.8254779,40.5950807],[-73.8332174,40.5942176],[-73.8342525,40.5946599],[-73.8347214,40.5950555],[-73.834847,40.595543],[-73.834201,40.596657],[-73.83349,40.596916],[-73.833361,40.597236],[-73.8325081,40.5975733],[-73.8323936,40.5978034],[-73.8315411,40.597951],[-73.8306285,40.5974334],[-73.8294834,40.5981339],[-73.8290978,40.5977635],[-73.8280616,40.5976804],[-73.8259799,40.5994721],[-73.8255679,40.5985481],[-73.8246542,40.5981492],[-73.8239587,40.5988769],[-73.8245227,40.5989513],[-73.8247709,40.5983918],[-73.8245262,40.599129],[-73.8245173,40.5989658],[-73.8240779,40.5989092],[-73.8241657,40.5992994],[-73.8237661,40.6000401],[-73.8231174,40.6000795],[-73.823032,40.5999305],[-73.8230401,40.6000681],[-73.8229276,40.6000614],[-73.8230044,40.5999256],[-73.8219444,40.5998012],[-73.8214693,40.5999937],[-73.8223436,40.6002257],[-73.8244364,40.600345],[-73.8244522,40.600797],[-73.8235397,40.6015594],[-73.8236159,40.6022865],[-73.8230672,40.602342],[-73.8229448,40.6025829],[-73.8229028,40.6046873],[-73.8224675,40.605525],[-73.8229046,40.6058513],[-73.82236,40.6064693],[-73.8212647,40.6070029],[-73.8200324,40.6089237],[-73.819618,40.610479],[-73.820576,40.6122331],[-73.8208784,40.6122573],[-73.8212842,40.6110969],[-73.8205487,40.6104308],[-73.8205581,40.6099521],[-73.8208588,40.6092311],[-73.8216146,40.6084803],[-73.8218621,40.6098692],[-73.8223308,40.6102877],[-73.8228923,40.610337],[-73.8231949,40.6109378],[-73.8240041,40.6116318],[-73.8241033,40.6123261],[-73.8246745,40.6124199],[-73.8246858,40.6130764],[-73.8255576,40.6141321],[-73.825936,40.6141625],[-73.8272564,40.6133787],[-73.8278753,40.6136976],[-73.8272415,40.614065],[-73.8275022,40.6142047],[-73.828455,40.614216],[-73.83092,40.6150055],[-73.8340189,40.6143812],[-73.8337015,40.6209786],[-73.8325481,40.6217512],[-73.831588,40.6220328],[-73.8326766,40.6218637],[-73.8328885,40.6222267],[-73.8325887,40.6226814],[-73.8322619,40.6227549],[-73.8314037,40.6224036],[-73.8310157,40.6227762],[-73.8303872,40.6223908],[-73.8300737,40.6230435],[-73.8302045,40.6233993],[-73.8299564,40.6237053],[-73.8298694,40.6233971],[-73.8291881,40.6242006],[-73.8296618,40.6241925],[-73.8301132,40.6238288],[-73.8305247,40.6228664],[-73.8303329,40.6228415],[-73.8304143,40.6226321],[-73.8308782,40.6228616],[-73.8306045,40.6232556],[-73.8307073,40.6237416],[-73.8305106,40.623854],[-73.8304615,40.6240722],[-73.8307675,40.6236801],[-73.830653,40.6232609],[-73.8310952,40.6229288],[-73.831532,40.6228784],[-73.8319286,40.6231959],[-73.8317422,40.622877],[-73.8320975,40.6231116],[-73.8315486,40.6240969],[-73.830965,40.6245761],[-73.8309204,40.62483],[-73.8313449,40.6250065],[-73.830769,40.6253043],[-73.8309516,40.6255278],[-73.8306276,40.6261776],[-73.8308238,40.6268115],[-73.8316692,40.6271337],[-73.832303,40.6270788],[-73.8321924,40.6273744],[-73.8324739,40.6275758],[-73.8322894,40.6281337],[-73.8317764,40.628172],[-73.8315669,40.6284787],[-73.8316175,40.6287523],[-73.8318772,40.6288811],[-73.8316327,40.6285235],[-73.8318863,40.6281778],[-73.8326261,40.6282654],[-73.8330115,40.6279199],[-73.833041,40.6282613],[-73.8328955,40.6289035],[-73.8323604,40.6291423],[-73.8319608,40.6296527],[-73.8318967,40.6305724],[-73.8311465,40.6328439],[-73.8313311,40.6336177],[-73.8319388,40.6342362],[-73.8319579,40.6349789],[-73.8324909,40.6355786],[-73.8334061,40.6385014],[-73.8328997,40.6388627],[-73.8322166,40.6389285],[-73.8286678,40.6366147],[-73.8280857,40.6358797],[-73.8259166,40.6357474],[-73.8244303,40.6362165],[-73.8241358,40.638788],[-73.8245738,40.6393539],[-73.8241933,40.6399541],[-73.8233759,40.6389877],[-73.8227711,40.6355769]]],[[[-73.8204045,40.8006395],[-73.8198052,40.8008015],[-73.8192162,40.8005939],[-73.8172081,40.7992073],[-73.8168393,40.7991059],[-73.8165711,40.799413],[-73.8168192,40.7991004],[-73.8164593,40.799346],[-73.8166807,40.7990624],[-73.8161136,40.7986081],[-73.8157742,40.7990232],[-73.8160794,40.7985716],[-73.8136791,40.7975458],[-73.8136996,40.7970794],[-73.8133532,40.797669],[-73.813503,40.7969443],[-73.8132465,40.7972118],[-73.8128745,40.7971771],[-73.812548,40.7980471],[-73.8122418,40.7981258],[-73.81179,40.7980263],[-73.8118216,40.7974587],[-73.8116078,40.7973724],[-73.8063633,40.7963936],[-73.8062314,40.7968175],[-73.8063308,40.7963927],[-73.8058858,40.7964749],[-73.8053957,40.7961708],[-73.8053171,40.7965061],[-73.8053394,40.7961639],[-73.8046717,40.7961675],[-73.8046278,40.796365],[-73.8046244,40.7961427],[-73.8043483,40.7962141],[-73.8042735,40.7966413],[-73.8041654,40.796229],[-73.804115,40.7966808],[-73.8041364,40.7962342],[-73.8039548,40.7966494],[-73.803874,40.7963143],[-73.8036059,40.7966323],[-73.8034835,40.7964711],[-73.8033996,40.7969149],[-73.8034638,40.7964744],[-73.8032055,40.7970766],[-73.8032607,40.7967065],[-73.8029801,40.7967087],[-73.8029583,40.7964096],[-73.8025793,40.7962954],[-73.8010113,40.7965224],[-73.8002938,40.796255],[-73.8002044,40.7962701],[-73.800163,40.7964489],[-73.8001286,40.7964468],[-73.8001824,40.7962669],[-73.7996807,40.7961745],[-73.7996055,40.7963322],[-73.7978983,40.7955592],[-73.7976699,40.7959938],[-73.797583,40.7959672],[-73.7978701,40.795552],[-73.7967357,40.7952089],[-73.7964869,40.7956458],[-73.7967059,40.7951976],[-73.7964993,40.795118],[-73.7945978,40.7949378],[-73.7943818,40.7947927],[-73.79456,40.7947462],[-73.7943166,40.7935822],[-73.7949438,40.7917507],[-73.7937513,40.7890619],[-73.7933803,40.7895784],[-73.7936201,40.7889966],[-73.7928067,40.788783],[-73.790282,40.790317],[-73.785681,40.7903407],[-73.7838384,40.790641],[-73.7825308,40.7912768],[-73.7843415,40.7917494],[-73.7817471,40.7911334],[-73.7810785,40.7916773],[-73.780775,40.7929907],[-73.7808395,40.7932774],[-73.7815888,40.7934635],[-73.7816386,40.7933097],[-73.7816601,40.793482],[-73.7807244,40.7933336],[-73.7807918,40.7940359],[-73.7810054,40.7943848],[-73.7819039,40.7949012],[-73.7831098,40.7949145],[-73.783318,40.7947584],[-73.7832588,40.7949239],[-73.7820033,40.7949755],[-73.7815415,40.7956597],[-73.7798031,40.7962055],[-73.7793625,40.7966854],[-73.7782707,40.7967251],[-73.7768705,40.7964452],[-73.7761789,40.7960961],[-73.7743144,40.7944253],[-73.7736325,40.7927498],[-73.772363,40.7915382],[-73.7721329,40.7901788],[-73.7706312,40.7884629],[-73.7708232,40.7879827],[-73.7717376,40.7874636],[-73.7742684,40.7867567],[-73.7742301,40.787065],[-73.7750192,40.7873945],[-73.7763373,40.7884872],[-73.7742647,40.7866512],[-73.7740764,40.7859173],[-73.7716073,40.7829963],[-73.7681592,40.779636],[-73.7682006,40.7794442],[-73.7671619,40.7797829],[-73.7670239,40.7800862],[-73.7667757,40.7798125],[-73.7681617,40.7793968],[-73.7670911,40.7768448],[-73.7651044,40.773799],[-73.7596008,40.7687233],[-73.7589351,40.7683343],[-73.7586426,40.7673572],[-73.7578703,40.7669464],[-73.7573902,40.7671667],[-73.7564108,40.7665142],[-73.7565049,40.7663459],[-73.7560221,40.7664644],[-73.7549367,40.7660933],[-73.7521926,40.7638304],[-73.7510743,40.7617637],[-73.7486123,40.7609278],[-73.7475351,40.7598572],[-73.7465598,40.7593391],[-73.746289,40.7590592],[-73.7464248,40.7582097],[-73.746277,40.7577968],[-73.7461314,40.7576769],[-73.7457601,40.7578366],[-73.744636,40.7568912],[-73.7446575,40.7565581],[-73.7445764,40.7569073],[-73.7448662,40.7572043],[-73.7457598,40.7579135],[-73.7460467,40.7578099],[-73.746312,40.7580548],[-73.7460621,40.7587615],[-73.7463589,40.7592909],[-73.7474942,40.7599767],[-73.7485415,40.7613862],[-73.7488725,40.7616681],[-73.749222,40.7615797],[-73.7491739,40.7613777],[-73.7500404,40.7615761],[-73.751231,40.7625225],[-73.7516952,40.7636518],[-73.7530457,40.7648172],[-73.7550721,40.7675331],[-73.7548592,40.7684043],[-73.7543939,40.7687535],[-73.7547139,40.7687951],[-73.7547059,40.7697415],[-73.7553328,40.7709982],[-73.755535,40.7709855],[-73.7553422,40.7710222],[-73.7555733,40.7715291],[-73.7543807,40.7720413],[-73.75357,40.7726946],[-73.7533669,40.7732078],[-73.7542415,40.7752668],[-73.7551858,40.7764981],[-73.754858,40.7768964],[-73.7548132,40.777619],[-73.7555178,40.7775841],[-73.7555174,40.777704],[-73.7547084,40.7777178],[-73.7540262,40.7796039],[-73.7530081,40.7808661],[-73.7529984,40.7812895],[-73.7520188,40.782235],[-73.7510677,40.7825982],[-73.7502077,40.7823993],[-73.7489563,40.7810665],[-73.7482491,40.7807648],[-73.7480276,40.7804831],[-73.7481445,40.7802404],[-73.7473579,40.7793833],[-73.7477789,40.779115],[-73.7471656,40.7788563],[-73.7467938,40.7790349],[-73.7468663,40.7788775],[-73.7456413,40.7778288],[-73.745348,40.7771534],[-73.7456877,40.778153],[-73.7461103,40.7784551],[-73.74601,40.7788766],[-73.7454078,40.7789825],[-73.7450768,40.7782491],[-73.7446173,40.7779193],[-73.7452399,40.7774024],[-73.7452462,40.7769629],[-73.7450173,40.7765978],[-73.7450751,40.7774521],[-73.7446652,40.7776835],[-73.7447177,40.777487],[-73.744431,40.7774562],[-73.7444159,40.7781232],[-73.7440844,40.7782555],[-73.7443345,40.7784314],[-73.7440409,40.7785901],[-73.7400797,40.7762088],[-73.739376,40.7760137],[-73.7377028,40.7747936],[-73.7215332,40.7648232],[-73.7209759,40.7647602],[-73.7078254,40.7562164],[-73.7021784,40.7528859],[-73.7016335,40.7524933],[-73.7013472,40.7507806],[-73.7000202,40.7392365],[-73.7014707,40.7375116],[-73.7076622,40.7278309],[-73.7105,40.7272271],[-73.7169329,40.7263864],[-73.725672,40.7240377],[-73.7303263,40.7221573],[-73.7291763,40.7191672],[-73.7268949,40.7099786],[-73.7267896,40.7019455],[-73.7256301,40.679588],[-73.7262944,40.6770581],[-73.7275562,40.6741616],[-73.7282413,40.6680241],[-73.7282727,40.6664296],[-73.7281135,40.6653453],[-73.7278579,40.665068],[-73.7278175,40.6631168],[-73.7283307,40.6630439],[-73.7279312,40.6617488],[-73.7264444,40.6591616],[-73.7255677,40.6567251],[-73.7255026,40.6555165],[-73.7249847,40.6542534],[-73.7252261,40.652001],[-73.7305146,40.6503103],[-73.735135,40.649732],[-73.7390448,40.6482012],[-73.7414371,40.6468892],[-73.7416614,40.6421981],[-73.7420508,40.6414742],[-73.7414228,40.6405034],[-73.7422739,40.6401234],[-73.741259,40.6388975],[-73.7394712,40.6357064],[-73.7399596,40.6351438],[-73.7400039,40.6353089],[-73.7417062,40.6350375],[-73.7416847,40.6349498],[-73.7414889,40.6350101],[-73.7414647,40.6349429],[-73.7417019,40.6348823],[-73.7425369,40.635175],[-73.7423912,40.6356303],[-73.7425854,40.6354534],[-73.7412496,40.6369397],[-73.7411179,40.6374681],[-73.7409649,40.6373048],[-73.7412166,40.6378158],[-73.7427297,40.6382702],[-73.7439713,40.63788],[-73.7435223,40.6388895],[-73.7437662,40.6390203],[-73.7447956,40.637075],[-73.7447345,40.6373132],[-73.7462639,40.6364422],[-73.7466123,40.6365821],[-73.7467937,40.6368497],[-73.7464539,40.6372598],[-73.7451622,40.6381122],[-73.7452964,40.6383301],[-73.7456732,40.6381247],[-73.7455106,40.6379439],[-73.747023,40.6369088],[-73.7471544,40.6371264],[-73.7466009,40.6383506],[-73.7461707,40.6403959],[-73.7463147,40.6413943],[-73.7472915,40.6431867],[-73.7487512,40.6444711],[-73.7488505,40.6451693],[-73.7494527,40.6449312],[-73.751713,40.6465006],[-73.7532709,40.6473338],[-73.7532333,40.6470521],[-73.7535419,40.6471963],[-73.7532921,40.6473434],[-73.7542781,40.6478864],[-73.7547559,40.6478122],[-73.7549277,40.6475727],[-73.7546121,40.6472005],[-73.7537929,40.6467056],[-73.7537377,40.6469604],[-73.7534019,40.6468075],[-73.7537615,40.6466863],[-73.748707,40.6433435],[-73.747421,40.6414136],[-73.7475288,40.6393244],[-73.7481249,40.6368727],[-73.7483982,40.6366536],[-73.7485548,40.6354116],[-73.7493545,40.6349473],[-73.7506961,40.634628],[-73.7524376,40.6336768],[-73.753484,40.6335143],[-73.754791,40.6328825],[-73.7590096,40.6314893],[-73.7605316,40.6306633],[-73.7621941,40.6302594],[-73.7630879,40.6296589],[-73.76453,40.6292211],[-73.7650089,40.6294122],[-73.7647532,40.6291588],[-73.7664956,40.6282504],[-73.7686041,40.6247327],[-73.7688428,40.6239393],[-73.7685533,40.6231892],[-73.7686678,40.622732],[-73.7697235,40.6217617],[-73.7696149,40.621147],[-73.7701883,40.619791],[-73.7710932,40.6199777],[-73.7716545,40.6204164],[-73.771717,40.6209617],[-73.7708113,40.6229497],[-73.77086,40.6233305],[-73.7714388,40.6232846],[-73.7717276,40.623585],[-73.7720313,40.6229912],[-73.7721882,40.6229958],[-73.7751189,40.6192338],[-73.7751805,40.6192647],[-73.7722095,40.6230052],[-73.7723626,40.6231473],[-73.772169,40.6230555],[-73.7720046,40.6232619],[-73.7721702,40.6233596],[-73.7719967,40.6232816],[-73.7718188,40.623499],[-73.7719878,40.6235976],[-73.771739,40.6236057],[-73.7732354,40.6249942],[-73.7738102,40.6249256],[-73.7734946,40.6251426],[-73.7740753,40.6257835],[-73.7765423,40.6276517],[-73.779469,40.6273155],[-73.7841948,40.6208927],[-73.7852154,40.6200635],[-73.7851592,40.6186473],[-73.7847811,40.6183357],[-73.7847855,40.6179807],[-73.7843557,40.6177645],[-73.7844609,40.6170278],[-73.7832255,40.6155787],[-73.7824899,40.6155675],[-73.7822953,40.6151682],[-73.7818909,40.6150474],[-73.781717,40.6151768],[-73.7807938,40.6145876],[-73.7807089,40.6140268],[-73.7811491,40.6139983],[-73.7808836,40.6136404],[-73.7835522,40.6119245],[-73.7849752,40.6119296],[-73.7857781,40.6109935],[-73.7864697,40.610679],[-73.7868452,40.6107947],[-73.787199,40.6106558],[-73.7874154,40.6102621],[-73.7877074,40.6103655],[-73.7886591,40.6100906],[-73.7887601,40.6096379],[-73.7890816,40.6095528],[-73.7890184,40.6092222],[-73.7899539,40.6089816],[-73.7900126,40.6086855],[-73.7904727,40.6084562],[-73.7903802,40.6082455],[-73.7908562,40.6080481],[-73.7908766,40.6076956],[-73.7913972,40.6076109],[-73.7915111,40.6081545],[-73.7911575,40.6082518],[-73.7911729,40.6084746],[-73.791733,40.6087593],[-73.7927495,40.6086464],[-73.793651,40.6089858],[-73.7938969,40.6094685],[-73.7945417,40.6097487],[-73.7948063,40.6103784],[-73.7974568,40.6113182],[-73.7989853,40.6114825],[-73.7991732,40.6120262],[-73.800257,40.6115973],[-73.8008013,40.6119339],[-73.8002395,40.612082],[-73.7999344,40.6131439],[-73.7993169,40.6133582],[-73.7996851,40.6137775],[-73.799039,40.6155505],[-73.7987867,40.6155448],[-73.7985447,40.6158896],[-73.798163,40.6157161],[-73.7980609,40.6163269],[-73.7972759,40.6166604],[-73.7974333,40.6169192],[-73.7971332,40.6173814],[-73.797243,40.6175938],[-73.796783,40.6177047],[-73.7970048,40.6183799],[-73.7963557,40.6184547],[-73.7961883,40.6196099],[-73.7955953,40.620211],[-73.7955403,40.6209126],[-73.7950229,40.6212919],[-73.7952339,40.6216067],[-73.7944669,40.6217857],[-73.7947065,40.6221807],[-73.7945757,40.6225191],[-73.7936837,40.6227023],[-73.7922657,40.6223394],[-73.7907582,40.6223284],[-73.7891627,40.6229998],[-73.7859406,40.625847],[-73.7853632,40.6267067],[-73.7848789,40.6266315],[-73.7836308,40.6281425],[-73.7832842,40.6289543],[-73.7834898,40.6301651],[-73.7843476,40.6313733],[-73.7857029,40.632095],[-73.7869067,40.6322619],[-73.7894966,40.6342698],[-73.7907695,40.6338487],[-73.7907928,40.634282],[-73.7981187,40.6310375],[-73.7982762,40.6312522],[-73.7908111,40.6343104],[-73.7910813,40.6342326],[-73.7913088,40.6344013],[-73.791229,40.6348571],[-73.7922232,40.6358901],[-73.7934337,40.6360867],[-73.7947439,40.6366294],[-73.7972574,40.6380076],[-73.7992371,40.6384201],[-73.8017722,40.6397603],[-73.8046593,40.6409052],[-73.8056594,40.641602],[-73.806702,40.6417762],[-73.8086457,40.6428149],[-73.8107575,40.6434924],[-73.8120333,40.6443036],[-73.8136436,40.6446909],[-73.815651,40.64563],[-73.8183032,40.6462677],[-73.8212292,40.6489752],[-73.8221514,40.6501353],[-73.8226057,40.6527861],[-73.8234656,40.655313],[-73.8224677,40.6591599],[-73.8216914,40.6600351],[-73.8215355,40.6599724],[-73.8217465,40.6601184],[-73.8215118,40.6599821],[-73.8197007,40.6607241],[-73.8197142,40.6608737],[-73.8196573,40.6607419],[-73.8186953,40.6611051],[-73.8175049,40.6610483],[-73.8165676,40.6607425],[-73.8159818,40.6608358],[-73.816052,40.6607116],[-73.8146815,40.6605152],[-73.8145701,40.6606346],[-73.8146253,40.6605067],[-73.8126213,40.660157],[-73.8114988,40.6602262],[-73.8113012,40.6606281],[-73.8186718,40.6621328],[-73.8229256,40.6604416],[-73.8234763,40.66006],[-73.8249294,40.6554415],[-73.8234753,40.6504763],[-73.823422,40.649464],[-73.8229072,40.6480934],[-73.823113,40.6480027],[-73.8239597,40.6491935],[-73.8245876,40.6494831],[-73.8249985,40.6493769],[-73.825341,40.6496654],[-73.8258891,40.6494861],[-73.8261448,40.6500818],[-73.8264074,40.6492892],[-73.8262203,40.648361],[-73.8284604,40.6491187],[-73.829597,40.6498277],[-73.8300104,40.6503284],[-73.8300077,40.6509035],[-73.8309365,40.6516261],[-73.8313218,40.6527265],[-73.8312877,40.6534788],[-73.8316131,40.653749],[-73.8290142,40.6561079],[-73.8296668,40.655599],[-73.8304433,40.6555195],[-73.8306025,40.6548069],[-73.8317081,40.6539312],[-73.8320545,40.6540464],[-73.8320005,40.6544408],[-73.832217,40.6544604],[-73.8314933,40.6549798],[-73.831161,40.6559192],[-73.830033,40.6565672],[-73.829376,40.6565063],[-73.8293097,40.6569325],[-73.8289678,40.6572052],[-73.8291792,40.6577998],[-73.8301303,40.6584026],[-73.8297071,40.6585025],[-73.8295999,40.6586568],[-73.8301624,40.6598041],[-73.8296952,40.6586559],[-73.8302443,40.65835],[-73.8292239,40.6577065],[-73.8290943,40.6573342],[-73.8295027,40.6566474],[-73.8300917,40.6567364],[-73.8312711,40.6560033],[-73.8318524,40.654885],[-73.8321819,40.6548948],[-73.8329031,40.6574838],[-73.8319439,40.6561714],[-73.8326004,40.6578266],[-73.8311266,40.6583188],[-73.8333844,40.6580519],[-73.8307988,40.6489766],[-73.8314872,40.6478873],[-73.834535,40.6480251],[-73.8355659,40.6484275],[-73.8359722,40.6493488],[-73.8384531,40.6593616],[-73.8388069,40.6609418],[-73.8386272,40.6610816],[-73.8388371,40.6611215],[-73.8389293,40.66127],[-73.8380756,40.661588],[-73.8381408,40.6620695],[-73.8387235,40.6624072],[-73.839696,40.6622383],[-73.839624,40.6619961],[-73.8399795,40.6619043],[-73.8359232,40.6454998],[-73.8363307,40.6453211],[-73.838609,40.6453479],[-73.8403919,40.6448879],[-73.8457948,40.6441015],[-73.849507,40.6441338],[-73.8520763,40.6461761],[-73.852432,40.6471593],[-73.8517259,40.6489122],[-73.851372,40.6491799],[-73.8509055,40.6491682],[-73.8505867,40.650338],[-73.8503771,40.6502745],[-73.8504226,40.650477],[-73.8492573,40.6510315],[-73.8493977,40.6514349],[-73.8499225,40.651658],[-73.850785,40.6515329],[-73.8525095,40.6505514],[-73.8540333,40.6506603],[-73.8549594,40.6509684],[-73.8552508,40.6512704],[-73.8559193,40.6513093],[-73.8567129,40.6528017],[-73.8570539,40.6529667],[-73.8577233,40.6527262],[-73.8582813,40.6529949],[-73.8593274,40.6549406],[-73.8613638,40.6564148],[-73.8613604,40.6565942],[-73.8606167,40.6564647],[-73.8602084,40.6570104],[-73.8600678,40.6567799],[-73.8598336,40.6569771],[-73.860075,40.6570486],[-73.8598103,40.6573224],[-73.859939,40.6577202],[-73.859572,40.6580354],[-73.8596356,40.6584578],[-73.8602585,40.6586297],[-73.8602324,40.6588971],[-73.8605121,40.6584977],[-73.8609808,40.6583813],[-73.86049,40.6589941],[-73.8606121,40.6593265],[-73.8612494,40.6587209],[-73.8612728,40.6582652],[-73.8609589,40.6580609],[-73.8597684,40.6582819],[-73.8605755,40.6578361],[-73.8603416,40.6572479],[-73.860876,40.6569082],[-73.8616137,40.6569965],[-73.861703,40.6580249],[-73.8626978,40.6576183],[-73.8631708,40.6582765],[-73.8603049,40.6596347],[-73.8576154,40.6601189],[-73.8584295,40.6634534],[-73.8556846,40.6638675],[-73.8576332,40.6716562],[-73.8603852,40.6712517],[-73.8623458,40.6791648],[-73.863283,40.6790794],[-73.864101,40.6823729],[-73.8660199,40.6819196],[-73.8686845,40.6940347],[-73.8684052,40.6947312],[-73.8689176,40.6951466],[-73.8740205,40.6941913],[-73.8795064,40.6911468],[-73.883777,40.6878634],[-73.8845225,40.6866847],[-73.8880834,40.6852936],[-73.8896279,40.6842365],[-73.8901542,40.685004],[-73.892583,40.6834919],[-73.8941746,40.6852832],[-73.8957795,40.6834972],[-73.8964663,40.6823364],[-73.9011616,40.6878779],[-73.9004247,40.6881839],[-73.9018878,40.6910777],[-73.9013984,40.69159],[-73.905796,40.6941272],[-73.9042602,40.6957004],[-73.9118068,40.6999469],[-73.9106788,40.701046],[-73.912904,40.7023619],[-73.9118071,40.703435],[-73.9218918,40.7093961],[-73.9207485,40.7105336],[-73.921546,40.7110433],[-73.9222347,40.712856],[-73.9240401,40.7140083],[-73.9236835,40.7140828],[-73.9241224,40.715138],[-73.9235255,40.7156166],[-73.9223297,40.7160765],[-73.9206426,40.7157732],[-73.9205691,40.7160037],[-73.9222376,40.7163824],[-73.9239387,40.7190428],[-73.9238358,40.7201482],[-73.9242436,40.7214295],[-73.9251999,40.7224396],[-73.924423,40.72359],[-73.9221433,40.7237076],[-73.9207336,40.7233098],[-73.9203706,40.7236811],[-73.9222862,40.7241813],[-73.9241922,40.7242757],[-73.9249032,40.7245066],[-73.9265566,40.7256691],[-73.9285568,40.7278448],[-73.9292349,40.7282602],[-73.931298,40.7287254],[-73.9345318,40.7291048],[-73.9364456,40.7296721],[-73.9380448,40.73051],[-73.9391105,40.7313798],[-73.9401654,40.7334864],[-73.9400671,40.7337622],[-73.9416247,40.7358414],[-73.945941,40.7375051],[-73.9425789,40.738816],[-73.9428038,40.7388615],[-73.9425561,40.7390209],[-73.9414617,40.7392486],[-73.9405089,40.7401139],[-73.9403616,40.7403353],[-73.9405614,40.7404183],[-73.9391087,40.742617],[-73.9386699,40.7425341],[-73.9385879,40.7429309],[-73.9400192,40.7432083],[-73.9401486,40.7428324],[-73.939653,40.7427311],[-73.9411882,40.7402902],[-73.941835,40.7396926],[-73.9425967,40.7393951],[-73.9427061,40.7391151],[-73.9454824,40.738207],[-73.9471509,40.7379001],[-73.9513807,40.7393365],[-73.9537988,40.7398199],[-73.9574147,40.7395566],[-73.9607258,40.7380802],[-73.9621651,40.7382725],[-73.9626082,40.7387955],[-73.9622092,40.7400062],[-73.9617905,40.7400131],[-73.961247,40.7404236],[-73.9619375,40.7407949],[-73.961804,40.7410977],[-73.9612186,40.7411079],[-73.9610739,40.7416945],[-73.9613649,40.7418372],[-73.9611081,40.741828],[-73.9615525,40.7419933],[-73.9611903,40.7426449],[-73.9605425,40.7434664],[-73.9597747,40.7435047],[-73.959706,40.7438587],[-73.9605686,40.7440297],[-73.9596323,40.7439346],[-73.9593911,40.7442833],[-73.9597286,40.7442721],[-73.9601553,40.7443688],[-73.960126,40.7444439],[-73.9592337,40.74431],[-73.9587754,40.7445556],[-73.9594424,40.7446042],[-73.9588792,40.7446243],[-73.9587585,40.744945],[-73.9596659,40.7451703],[-73.9584939,40.7449879],[-73.9593379,40.7455076],[-73.9590594,40.7457534],[-73.9585023,40.745765],[-73.9591437,40.7460006],[-73.957041,40.7489204],[-73.9548539,40.7480408],[-73.9531838,40.7477348],[-73.9530538,40.7480875],[-73.9547839,40.7484277],[-73.9563216,40.7490816],[-73.9560116,40.749374],[-73.956222,40.7495173],[-73.9560007,40.7493837],[-73.9557604,40.7495967],[-73.9562014,40.7496856],[-73.9554644,40.7496742],[-73.9553493,40.7500139],[-73.9550665,40.7496327],[-73.9545158,40.7505867],[-73.9544986,40.7512258],[-73.9513144,40.7545796],[-73.9435028,40.764499],[-73.9413117,40.766918],[-73.9398356,40.767988],[-73.9393659,40.7681597],[-73.938955,40.7679582],[-73.9381973,40.7686997],[-73.9378877,40.7685576],[-73.9379582,40.7687849],[-73.9374711,40.7689516],[-73.9368146,40.7689039],[-73.9364038,40.7694749],[-73.9357402,40.7693672],[-73.9348953,40.7700419],[-73.934695,40.7704253],[-73.9351472,40.770542],[-73.9350081,40.7711624],[-73.9345273,40.7711768],[-73.9344353,40.7714624],[-73.9348068,40.7717341],[-73.9374664,40.7725315],[-73.9378134,40.7735629],[-73.9376548,40.7750857],[-73.9363802,40.7769215],[-73.9350823,40.7779442],[-73.9338113,40.7781005],[-73.9317883,40.7778706],[-73.9310496,40.7774419],[-73.9306286,40.7765909],[-73.9298806,40.7762216],[-73.9286052,40.7765927],[-73.9263183,40.7782418],[-73.9248734,40.7786256],[-73.9229565,40.780441],[-73.9220997,40.7808519],[-73.9190903,40.7833676],[-73.9181886,40.783933],[-73.9171712,40.7841935],[-73.9168328,40.7851914],[-73.9157517,40.7861076],[-73.9152601,40.7861922],[-73.9155871,40.7864296],[-73.9125999,40.7893763],[-73.9124081,40.7892743],[-73.9126675,40.789004],[-73.9119511,40.7894018],[-73.9120798,40.7895218],[-73.9118378,40.7896809],[-73.910943,40.789755],[-73.9109049,40.7900407],[-73.9098586,40.7909455],[-73.9064731,40.7901812],[-73.9020633,40.7894944],[-73.9003263,40.7890077],[-73.8969399,40.7866247],[-73.896512,40.7860687],[-73.8963525,40.7861793],[-73.8965025,40.7860575],[-73.8960438,40.7858],[-73.8961402,40.7856072],[-73.89598,40.7857117],[-73.8959296,40.7856489],[-73.8961263,40.7855932],[-73.8958291,40.7852215],[-73.8987616,40.7827489],[-73.9011458,40.7827111],[-73.9021782,40.7817806],[-73.9026772,40.7805941],[-73.9025793,40.7802891],[-73.902343,40.7801872],[-73.902183,40.7803594],[-73.9020357,40.7812031],[-73.9012913,40.7818584],[-73.9003496,40.7821644],[-73.8986544,40.7819954],[-73.8943778,40.7842432],[-73.8942948,40.7841176],[-73.8960638,40.7831572],[-73.8947743,40.7822536],[-73.895422,40.7817178],[-73.8953575,40.7816577],[-73.8946009,40.7822532],[-73.8953445,40.7815856],[-73.8941647,40.782472],[-73.8930609,40.7818483],[-73.8923075,40.782466],[-73.8927492,40.7829657],[-73.8916546,40.7821948],[-73.8922419,40.7824108],[-73.8930099,40.781798],[-73.8922786,40.7813003],[-73.8921115,40.7813952],[-73.8922179,40.7812053],[-73.891671,40.7808549],[-73.8915916,40.7805811],[-73.8925402,40.7795518],[-73.8916686,40.7794925],[-73.8911959,40.7785633],[-73.8925226,40.7774046],[-73.8914161,40.776339],[-73.8918324,40.7748802],[-73.8911204,40.7771247],[-73.8905625,40.7774039],[-73.8903519,40.7778003],[-73.8900873,40.7777842],[-73.8894711,40.7755356],[-73.889789,40.7742369],[-73.8901917,40.7736469],[-73.8898517,40.7737533],[-73.8894549,40.773533],[-73.8858076,40.7740222],[-73.8858336,40.7741092],[-73.8856695,40.7741261],[-73.8856701,40.7744331],[-73.8856323,40.7740971],[-73.8857847,40.7740247],[-73.8839163,40.7741326],[-73.8845515,40.7743606],[-73.8848374,40.774953],[-73.8847736,40.7753323],[-73.8842883,40.7754831],[-73.8852503,40.7786129],[-73.8850529,40.7787754],[-73.8851197,40.7795114],[-73.8854129,40.77966],[-73.8851089,40.7795223],[-73.8851934,40.7797862],[-73.885009,40.7795648],[-73.8848811,40.7799872],[-73.883852,40.7802643],[-73.8827445,40.7802234],[-73.8813908,40.7806016],[-73.8797347,40.7806548],[-73.8796069,40.7808503],[-73.8787056,40.7805859],[-73.8790512,40.7817305],[-73.8793087,40.7818537],[-73.8788584,40.7823982],[-73.8797478,40.7828366],[-73.8797016,40.7828828],[-73.8788315,40.7824307],[-73.8783392,40.7830259],[-73.8751575,40.7815094],[-73.8712486,40.7860382],[-73.8697808,40.7853379],[-73.8680991,40.7874587],[-73.8678841,40.787361],[-73.8698701,40.7850859],[-73.8694375,40.7836384],[-73.8686053,40.7838092],[-73.8684978,40.7836705],[-73.8694234,40.7835913],[-73.8704803,40.7823061],[-73.8714629,40.7821264],[-73.8723229,40.7811008],[-73.8720174,40.7809558],[-73.8702191,40.7812473],[-73.8720283,40.7809334],[-73.872336,40.7810851],[-73.8725573,40.7808211],[-73.8647107,40.7767332],[-73.8550511,40.7721954],[-73.8550864,40.7718314],[-73.8564627,40.7702731],[-73.8578834,40.7706597],[-73.8580388,40.7702035],[-73.8573473,40.7701842],[-73.8568499,40.7695425],[-73.8562127,40.7691958],[-73.8562457,40.7688857],[-73.8570479,40.7691396],[-73.857678,40.7682763],[-73.8593751,40.7670753],[-73.8608554,40.7669321],[-73.8611028,40.7672719],[-73.8613139,40.7669406],[-73.8627549,40.7667645],[-73.8594907,40.7625626],[-73.8589206,40.7624064],[-73.858923,40.7621223],[-73.8586451,40.7625144],[-73.8588437,40.7620588],[-73.8586192,40.7619356],[-73.8576547,40.7630798],[-73.8585008,40.7633764],[-73.8583432,40.7635626],[-73.857639,40.7630994],[-73.8569636,40.7640744],[-73.8566748,40.7639302],[-73.8575829,40.7630729],[-73.8565868,40.7627228],[-73.8567824,40.7625083],[-73.8576042,40.7630533],[-73.8581763,40.7623963],[-73.856612,40.7616495],[-73.8581943,40.7623741],[-73.8585853,40.761917],[-73.8571213,40.7611889],[-73.8553027,40.7606496],[-73.8546637,40.7601712],[-73.853724,40.7602464],[-73.8527938,40.7599722],[-73.8529741,40.7602171],[-73.8515855,40.7593554],[-73.8506905,40.7594488],[-73.8499404,40.7596983],[-73.8493011,40.7602429],[-73.8498748,40.7611038],[-73.8519741,40.7602494],[-73.852072,40.7603929],[-73.8498116,40.761271],[-73.8491666,40.7602966],[-73.8485883,40.7601796],[-73.8435936,40.7633705],[-73.8436879,40.7636127],[-73.8434363,40.7634326],[-73.8430696,40.7635926],[-73.8430424,40.7643213],[-73.8427282,40.7646285],[-73.8405264,40.765388],[-73.8395783,40.7652523],[-73.8391319,40.7659911],[-73.8396977,40.7663927],[-73.8395907,40.7671108],[-73.8399392,40.7670643],[-73.8403117,40.7662948],[-73.844489,40.7654596],[-73.8462002,40.7661963],[-73.8472307,40.7663132],[-73.8478058,40.7667729],[-73.8486231,40.768114],[-73.8482713,40.7682022],[-73.8481927,40.7684804],[-73.8487454,40.7687117],[-73.8489966,40.7691483],[-73.8484662,40.7697264],[-73.8486715,40.7707616],[-73.8499424,40.7719272],[-73.850304,40.7719382],[-73.8503381,40.7717437],[-73.8513011,40.7718064],[-73.8512704,40.7719855],[-73.8503615,40.7718307],[-73.8503341,40.7720176],[-73.8499516,40.7719583],[-73.8500407,40.7722246],[-73.8495716,40.7725611],[-73.8489762,40.7735617],[-73.8492153,40.7746549],[-73.8489299,40.7755571],[-73.8491924,40.7757905],[-73.848968,40.7780222],[-73.8497474,40.7784141],[-73.849469,40.7786638],[-73.8499335,40.7787691],[-73.8495716,40.7791928],[-73.8496397,40.7794833],[-73.8514761,40.7789644],[-73.8510134,40.779122],[-73.8510795,40.7792978],[-73.8501402,40.779391],[-73.8498172,40.7796303],[-73.8523527,40.7794807],[-73.8523566,40.7791693],[-73.8523883,40.7795289],[-73.849821,40.7796513],[-73.8495633,40.7798791],[-73.8503147,40.7800415],[-73.8504566,40.7798883],[-73.8516903,40.7798675],[-73.851671,40.7800352],[-73.8494938,40.7800658],[-73.8498893,40.7810891],[-73.8509365,40.7811196],[-73.8498873,40.7811215],[-73.8498366,40.7815996],[-73.8491871,40.7816418],[-73.8495477,40.7818411],[-73.8492468,40.7822564],[-73.8502852,40.7824595],[-73.8531499,40.7823239],[-73.8532233,40.7820605],[-73.8536797,40.7819857],[-73.8552824,40.7819754],[-73.8554506,40.7831431],[-73.8564538,40.7833509],[-73.8566495,40.7828923],[-73.8568413,40.7833714],[-73.8573405,40.7833713],[-73.8580832,40.7837241],[-73.8579017,40.7844903],[-73.8585252,40.7852135],[-73.8590017,40.7851868],[-73.8590564,40.7854318],[-73.8590748,40.7852374],[-73.8591073,40.7854621],[-73.8592361,40.7853066],[-73.8594633,40.7854949],[-73.8593486,40.7850272],[-73.8595083,40.7855349],[-73.8589905,40.7854916],[-73.8591246,40.7858502],[-73.8585884,40.7861481],[-73.8586828,40.7865312],[-73.8581435,40.7870443],[-73.8568113,40.7866726],[-73.8562002,40.7871501],[-73.8559389,40.7876887],[-73.8534518,40.7878261],[-73.8528423,40.7882114],[-73.8528899,40.7883467],[-73.8543836,40.7883201],[-73.8548008,40.7886076],[-73.8544719,40.790259],[-73.8526536,40.7911223],[-73.8537699,40.7923358],[-73.8536856,40.7940184],[-73.8527663,40.7943892],[-73.852631,40.7949449],[-73.8515908,40.7940865],[-73.8490616,40.7933626],[-73.8488489,40.7935017],[-73.8490781,40.7941454],[-73.8487837,40.7945421],[-73.84871,40.7954165],[-73.8462442,40.7961631],[-73.845578,40.7960209],[-73.8452789,40.7954494],[-73.8445992,40.7949115],[-73.8435467,40.7949139],[-73.8433063,40.7955009],[-73.8428487,40.7952134],[-73.843285,40.7961744],[-73.8428088,40.7954182],[-73.8422596,40.795585],[-73.8428668,40.7969222],[-73.8421675,40.7956129],[-73.8419048,40.7956218],[-73.8414212,40.795147],[-73.8412994,40.7962197],[-73.8405998,40.7968068],[-73.8401393,40.7968792],[-73.8404152,40.7976784],[-73.8392095,40.7978443],[-73.8384292,40.7983757],[-73.8378997,40.798509],[-73.83919,40.7977773],[-73.8402586,40.7975889],[-73.839971,40.7969056],[-73.8390368,40.7970525],[-73.8384008,40.7967553],[-73.837065,40.7938511],[-73.8365908,40.7920826],[-73.836616,40.7917628],[-73.8373209,40.7913928],[-73.8375157,40.7910121],[-73.8375036,40.7904617],[-73.8368181,40.7904699],[-73.8374819,40.7904345],[-73.8371754,40.7894273],[-73.8372805,40.7890099],[-73.8371343,40.789564],[-73.8356581,40.7895727],[-73.8353315,40.7892127],[-73.8341357,40.7890661],[-73.8338132,40.7885227],[-73.8329294,40.7885181],[-73.8321181,40.788772],[-73.8317426,40.7892344],[-73.8314377,40.7891784],[-73.8319512,40.7894148],[-73.8321491,40.7900434],[-73.8313735,40.7913689],[-73.8306597,40.7916502],[-73.8299733,40.7915635],[-73.8289504,40.792014],[-73.8285189,40.7924942],[-73.8292317,40.7930023],[-73.8283974,40.7925523],[-73.8279141,40.7928936],[-73.8279717,40.7947944],[-73.8288096,40.7961838],[-73.8294516,40.796659],[-73.8299406,40.7960835],[-73.8300329,40.7961355],[-73.8294707,40.7966679],[-73.8297659,40.7968326],[-73.8302885,40.7962423],[-73.8305223,40.796395],[-73.8301486,40.7965337],[-73.8299566,40.7969123],[-73.8297848,40.7968713],[-73.8290597,40.7964625],[-73.8274242,40.7967487],[-73.8269709,40.7971283],[-73.8271821,40.7976095],[-73.8267386,40.7977962],[-73.8261182,40.7972714],[-73.825065,40.7973758],[-73.8239936,40.7980096],[-73.8242332,40.7986952],[-73.8238595,40.7981541],[-73.8234332,40.7984065],[-73.8237235,40.7988992],[-73.8234087,40.7984178],[-73.8232537,40.7984695],[-73.823096,40.7986833],[-73.8233055,40.7989629],[-73.8230026,40.7986423],[-73.822611,40.7988932],[-73.8227927,40.7993398],[-73.8225192,40.7989877],[-73.8224123,40.7990889],[-73.8226779,40.7994861],[-73.8223875,40.7991129],[-73.8216179,40.799992],[-73.8204325,40.8006279],[-73.8204992,40.8010115],[-73.8204045,40.8006395]]],[[[-73.8146689,40.6275026],[-73.8153155,40.6277585],[-73.8161736,40.6289014],[-73.8164455,40.6298361],[-73.8159698,40.6303787],[-73.8152761,40.6302281],[-73.8146741,40.6299853],[-73.8142937,40.6291424],[-73.8146689,40.6275026]]],[[[-73.8126878,40.6204633],[-73.8126097,40.6206474],[-73.812521,40.6204487],[-73.8125179,40.6201998],[-73.8126878,40.6204633]]],[[[-73.8124379,40.6243964],[-73.8116808,40.6236496],[-73.8120834,40.6233917],[-73.8125158,40.6235394],[-73.8130127,40.6222602],[-73.813251,40.6225581],[-73.8130319,40.6238568],[-73.813862,40.6250439],[-73.8144291,40.6251868],[-73.8144787,40.6254709],[-73.8138329,40.6259262],[-73.8126,40.6263189],[-73.8124915,40.6265407],[-73.8119875,40.626022],[-73.8122342,40.6253001],[-73.8124379,40.6243964]]],[[[-73.8101442,40.6000549],[-73.8099747,40.5998367],[-73.8102949,40.5996894],[-73.8104881,40.5987793],[-73.8113156,40.5985498],[-73.8115755,40.5981412],[-73.8122207,40.5985539],[-73.8135953,40.6003618],[-73.8146071,40.601299],[-73.8150147,40.6020563],[-73.8148406,40.6039992],[-73.8142869,40.6044557],[-73.8132086,40.6043554],[-73.8126663,40.6038889],[-73.811703,40.6036139],[-73.8101696,40.6027998],[-73.8098633,40.6018958],[-73.8099706,40.6000675],[-73.8101442,40.6000549]]],[[[-73.7979274,40.6065794],[-73.7984092,40.60601],[-73.7982658,40.6054902],[-73.7986771,40.6057037],[-73.7995808,40.6053117],[-73.8000533,40.6054654],[-73.8001093,40.6053189],[-73.7995254,40.6052435],[-73.7987071,40.6056211],[-73.7978114,40.6051599],[-73.7980374,40.604837],[-73.7986242,40.604806],[-73.7987686,40.605016],[-73.7987961,40.6048652],[-73.7999379,40.60461],[-73.8002056,40.6048346],[-73.8004863,40.6047628],[-73.8002355,40.6048016],[-73.8000465,40.6045617],[-73.7979008,40.6047201],[-73.7976633,40.6053084],[-73.7981515,40.6056325],[-73.7982156,40.6059363],[-73.7976614,40.6063578],[-73.7963476,40.605788],[-73.7964677,40.6051876],[-73.7966938,40.6051059],[-73.7961522,40.6046391],[-73.7964037,40.6047194],[-73.797319,40.6040667],[-73.7980048,40.6042104],[-73.7989655,40.6040988],[-73.7991689,40.6042679],[-73.8001981,40.6042243],[-73.8003747,40.6043767],[-73.8007892,40.604213],[-73.8010686,40.6043801],[-73.8017136,40.6041101],[-73.8017773,40.6042702],[-73.8020021,40.6041706],[-73.8023133,40.6044089],[-73.8024246,40.6042224],[-73.8027241,40.6045074],[-73.8032195,40.604566],[-73.8033806,40.6043041],[-73.8037704,40.6043302],[-73.8036945,40.6046245],[-73.8033774,40.6046989],[-73.8039355,40.6056437],[-73.8033885,40.6058704],[-73.803143,40.6063669],[-73.801817,40.606423],[-73.8007733,40.6070763],[-73.800581,40.6068372],[-73.800997,40.6065909],[-73.8006444,40.6063293],[-73.8010337,40.6064799],[-73.801074,40.6064106],[-73.8006957,40.606235],[-73.8003386,40.6062788],[-73.8008548,40.606635],[-73.8004828,40.6067926],[-73.8005284,40.6070886],[-73.8003181,40.6070644],[-73.7979274,40.6065794]]],[[[-73.7978157,40.6244532],[-73.7982088,40.6244572],[-73.7987548,40.6250778],[-73.8003727,40.6241083],[-73.8003627,40.6239351],[-73.799227,40.6241935],[-73.7986772,40.623435],[-73.8001627,40.6196268],[-73.8007408,40.6194851],[-73.8011217,40.6196988],[-73.8018136,40.6208312],[-73.8020642,40.6207909],[-73.8013104,40.6185429],[-73.8018709,40.6167694],[-73.8034741,40.614401],[-73.8036209,40.6160206],[-73.8045352,40.616984],[-73.8044787,40.6175534],[-73.8049256,40.6185876],[-73.8058987,40.6196191],[-73.8056429,40.6198918],[-73.8064093,40.6211131],[-73.8061528,40.6218259],[-73.8064095,40.6223396],[-73.8059498,40.6233803],[-73.8054165,40.6237919],[-73.8046753,40.6238363],[-73.8036366,40.6246904],[-73.8029457,40.624718],[-73.8016274,40.6255962],[-73.7995644,40.6261202],[-73.7990602,40.6265805],[-73.7983166,40.6261819],[-73.7975919,40.6261014],[-73.7988198,40.6253279],[-73.7978157,40.6244532]]],[[[-73.7960086,40.6082174],[-73.7964782,40.6080021],[-73.7962612,40.607625],[-73.7965494,40.6072875],[-73.7961129,40.6074087],[-73.7958199,40.6081339],[-73.7955169,40.607355],[-73.7952781,40.6058143],[-73.795727,40.6052306],[-73.7960321,40.6053004],[-73.795605,40.6058925],[-73.7957014,40.6064605],[-73.7967494,40.6062264],[-73.7978975,40.6068688],[-73.7990199,40.6068684],[-73.8005262,40.6072263],[-73.8010707,40.6071794],[-73.8019279,40.6066374],[-73.8032652,40.6065719],[-73.8040149,40.6061315],[-73.8030842,40.6074651],[-73.8018214,40.6079588],[-73.8014026,40.6082268],[-73.801624,40.6083546],[-73.8009942,40.6086721],[-73.7981763,40.6089913],[-73.796657,40.6089609],[-73.7960086,40.6082174]]],[[[-73.770875,40.6158637],[-73.7685487,40.6205597],[-73.7674593,40.6205113],[-73.7667193,40.6150042],[-73.770875,40.6158637]]],[[[-73.765164,40.6137542],[-73.7650596,40.6120352],[-73.7622994,40.6113592],[-73.7617241,40.6118472],[-73.7602364,40.6108209],[-73.7617824,40.6091517],[-73.7615505,40.6090314],[-73.7599845,40.6108794],[-73.7594912,40.6108158],[-73.759721,40.6101516],[-73.7591967,40.6103704],[-73.7565605,40.6101394],[-73.7558709,40.6103068],[-73.7556068,40.6100774],[-73.7558741,40.6103852],[-73.7555637,40.6101184],[-73.754995,40.6101322],[-73.7547322,40.6104052],[-73.7534584,40.6105199],[-73.7500877,40.6116406],[-73.7482159,40.6120111],[-73.7479931,40.6123102],[-73.7476142,40.611998],[-73.7472157,40.6121788],[-73.7468554,40.6115741],[-73.7457615,40.6119917],[-73.7431089,40.607716],[-73.7433973,40.6074722],[-73.7402914,40.6045982],[-73.7392074,40.6040401],[-73.7384039,40.6031211],[-73.738226,40.602566],[-73.7383562,40.5976005],[-73.7387197,40.5969488],[-73.7385746,40.5972446],[-73.7386264,40.5972659],[-73.738788,40.5969754],[-73.7393802,40.5972391],[-73.7399275,40.5970549],[-73.7401177,40.5967277],[-73.7397988,40.5964286],[-73.7400971,40.5962086],[-73.7403915,40.5961822],[-73.7403601,40.596775],[-73.7406438,40.5970012],[-73.7410832,40.5968231],[-73.7415738,40.5969039],[-73.7418308,40.5966956],[-73.7415124,40.5965286],[-73.7405206,40.5965719],[-73.740547,40.5961197],[-73.7399279,40.5960616],[-73.739579,40.5963763],[-73.7394966,40.5970204],[-73.7398831,40.596771],[-73.7397472,40.5965426],[-73.7399099,40.5967727],[-73.7397963,40.5968827],[-73.7395089,40.59704],[-73.7393981,40.5970463],[-73.7389285,40.5968755],[-73.739398,40.5970295],[-73.7394396,40.5968974],[-73.7389469,40.5967632],[-73.7383836,40.5971174],[-73.7384123,40.5959235],[-73.7379898,40.594556],[-73.7384874,40.5943523],[-73.7387715,40.5945252],[-73.7387775,40.594355],[-73.739002,40.5945862],[-73.7395876,40.5944265],[-73.7396197,40.59458],[-73.7401358,40.5945116],[-73.7406283,40.5947217],[-73.7409017,40.5944882],[-73.7413182,40.5947926],[-73.7416977,40.5946417],[-73.742226,40.5949059],[-73.7423874,40.5947293],[-73.7433495,40.5947951],[-73.7434844,40.5945905],[-73.744625,40.5946618],[-73.7466551,40.5942957],[-73.7491252,40.5932164],[-73.7516937,40.5913123],[-73.7534478,40.5909641],[-73.7559546,40.5908742],[-73.7578919,40.591357],[-73.7613431,40.5917266],[-73.7629528,40.5916112],[-73.7679697,40.5907295],[-73.7687271,40.5908701],[-73.7759259,40.5901786],[-73.7758369,40.5903246],[-73.779185,40.5895931],[-73.7804304,40.5895966],[-73.7845331,40.5884781],[-73.7876837,40.5879229],[-73.7887841,40.5874503],[-73.7894147,40.5876281],[-73.7920076,40.5872175],[-73.8018291,40.5853518],[-73.8032577,40.5848932],[-73.8037212,40.5850179],[-73.8058429,40.5844575],[-73.8067919,40.5844199],[-73.8079918,40.5840044],[-73.8135245,40.5834731],[-73.8192881,40.581767],[-73.8222275,40.581115],[-73.8271738,40.5794445],[-73.8338692,40.5776499],[-73.8377849,40.5759237],[-73.8572033,40.5691005],[-73.8625529,40.56681],[-73.8628689,40.5668306],[-73.8626936,40.5665022],[-73.8630048,40.566876],[-73.8635586,40.5670272],[-73.8655761,40.56656],[-73.8666109,40.5660939],[-73.8663094,40.5655461],[-73.8666301,40.5660901],[-73.8668611,40.5660865],[-73.8684869,40.565527],[-73.8682512,40.5650695],[-73.8685275,40.5655455],[-73.86925,40.5653848],[-73.8706221,40.5648133],[-73.8702759,40.5641747],[-73.8706409,40.5648099],[-73.8709132,40.5647646],[-73.8726397,40.5640842],[-73.8723788,40.5635751],[-73.8727465,40.5641054],[-73.8732063,40.5640603],[-73.8762464,40.563101],[-73.8802664,40.5615327],[-73.8802902,40.5613746],[-73.8812825,40.5613721],[-73.8824159,40.5609109],[-73.8823744,40.5607604],[-73.8832474,40.5608559],[-73.8848844,40.5601824],[-73.8848595,40.5600428],[-73.8851128,40.560151],[-73.8861111,40.5599219],[-73.8869751,40.5594005],[-73.8870718,40.5595421],[-73.8878926,40.5595107],[-73.8896395,40.5586644],[-73.8902165,40.5588115],[-73.8907959,40.5586194],[-73.8919235,40.5581604],[-73.8921386,40.5578715],[-73.8925275,40.5581193],[-73.8934707,40.5579456],[-73.8949514,40.5572939],[-73.8949182,40.5570788],[-73.8951846,40.557385],[-73.8955119,40.5574143],[-73.8969952,40.5568918],[-73.8970796,40.5566574],[-73.8973569,40.5569984],[-73.8979951,40.5571021],[-73.8991172,40.5568004],[-73.89913,40.5566412],[-73.900276,40.5566039],[-73.9005858,40.5564222],[-73.9007012,40.5566336],[-73.90124,40.5567597],[-73.9027942,40.556733],[-73.9069139,40.5556036],[-73.9194812,40.5506248],[-73.9361185,40.5445164],[-73.9388976,40.5432397],[-73.9404716,40.5428631],[-73.9405578,40.5418605],[-73.9407355,40.541834],[-73.9401297,40.5480053],[-73.9402736,40.5524083],[-73.9399877,40.553637],[-73.9392541,40.5549801],[-73.9386556,40.5556766],[-73.9364732,40.5569327],[-73.9350941,40.5572695],[-73.9331402,40.5573638],[-73.931776,40.5579],[-73.9261572,40.5615526],[-73.9242146,40.5620013],[-73.9210782,40.5620799],[-73.9203681,40.5622188],[-73.9202596,40.5626123],[-73.9200984,40.5625712],[-73.9203312,40.5622261],[-73.9176608,40.5628261],[-73.9145534,40.5643534],[-73.9131318,40.5646382],[-73.912202,40.5650546],[-73.9118832,40.5649904],[-73.9119269,40.5651123],[-73.9119546,40.5658113],[-73.9121618,40.5658363],[-73.9119702,40.5658694],[-73.9117362,40.5658727],[-73.9119255,40.5658139],[-73.9118581,40.5649954],[-73.9107982,40.565111],[-73.9100376,40.5647937],[-73.9097717,40.5653054],[-73.9097168,40.5652874],[-73.9100231,40.5647802],[-73.9097626,40.5642848],[-73.9087255,40.5639313],[-73.9079192,40.5641484],[-73.9079858,40.5634424],[-73.9066472,40.5627859],[-73.9046946,40.5628272],[-73.9028714,40.5635149],[-73.9024477,40.5628995],[-73.9016112,40.5627515],[-73.9000039,40.5632157],[-73.8961326,40.5653584],[-73.8953373,40.5663321],[-73.8956717,40.5670316],[-73.895187,40.5669136],[-73.8941303,40.5678201],[-73.8926101,40.5685872],[-73.889111,40.5679162],[-73.888368,40.5681449],[-73.8878622,40.568038],[-73.8865468,40.568471],[-73.8848968,40.5684996],[-73.8843097,40.5686961],[-73.8848871,40.5684702],[-73.8847559,40.5682891],[-73.8842988,40.5684368],[-73.8847369,40.5682685],[-73.8844598,40.5678928],[-73.8841665,40.568002],[-73.8842561,40.5681571],[-73.8841481,40.568009],[-73.8840717,40.568195],[-73.883791,40.5681239],[-73.8840234,40.5685031],[-73.8837809,40.5681272],[-73.8835767,40.5682098],[-73.8836919,40.5683954],[-73.8834785,40.5684731],[-73.8839043,40.5689062],[-73.8836873,40.5688434],[-73.8833693,40.5683319],[-73.8826297,40.5683689],[-73.8819226,40.5687314],[-73.8786747,40.5686399],[-73.8776058,40.5688609],[-73.8655432,40.5746421],[-73.8530555,40.5812553],[-73.8504439,40.5821302],[-73.8486105,40.5821881],[-73.8452057,40.5815799],[-73.8393539,40.5818573],[-73.8389566,40.5825743],[-73.8385531,40.5827917],[-73.8358408,40.5828789],[-73.8285247,40.5848542],[-73.8280365,40.5860529],[-73.8248133,40.5871513],[-73.8229369,40.5874916],[-73.8214597,40.5867699],[-73.8174159,40.588917],[-73.817638,40.5892858],[-73.816742,40.5893192],[-73.8152483,40.5899891],[-73.8147007,40.5906106],[-73.8136322,40.5907936],[-73.8132567,40.5910463],[-73.8135886,40.5916977],[-73.8132347,40.5910707],[-73.8131299,40.5912466],[-73.8122434,40.5913258],[-73.8117034,40.5915937],[-73.8114942,40.5929013],[-73.8113346,40.5917446],[-73.8110077,40.5917683],[-73.8108179,40.5920903],[-73.8109502,40.5925031],[-73.8113859,40.5924423],[-73.8114075,40.5928713],[-73.8110729,40.5930223],[-73.8113733,40.5927031],[-73.8107497,40.5927921],[-73.8113735,40.5926845],[-73.8113583,40.5924626],[-73.8109397,40.5925468],[-73.8108054,40.5920921],[-73.8098993,40.592271],[-73.8100392,40.5930779],[-73.8097314,40.5924042],[-73.8098075,40.5927104],[-73.8097098,40.5924396],[-73.8094867,40.592766],[-73.809612,40.593577],[-73.8060281,40.5920093],[-73.8057495,40.590758],[-73.8058239,40.5918893],[-73.8043393,40.5913108],[-73.8041657,40.5918547],[-73.8078187,40.5933654],[-73.8080469,40.5936503],[-73.8078114,40.5939074],[-73.8079769,40.5941614],[-73.8071125,40.5952841],[-73.8060415,40.5955546],[-73.804853,40.5950563],[-73.8041146,40.5943192],[-73.8041257,40.5935138],[-73.803809,40.5928912],[-73.8030315,40.5925772],[-73.8024385,40.5926401],[-73.8025097,40.5939481],[-73.803135,40.5937579],[-73.8031808,40.5939454],[-73.802513,40.5939669],[-73.8025684,40.5942723],[-73.8032425,40.5940872],[-73.8032879,40.5942821],[-73.8032402,40.5942041],[-73.8026044,40.5942878],[-73.8023451,40.594496],[-73.8031857,40.594663],[-73.8034402,40.5944342],[-73.8031968,40.5946782],[-73.8033775,40.594869],[-73.8036552,40.5947306],[-73.8037245,40.5948171],[-73.8036517,40.5947531],[-73.8033847,40.5948853],[-73.8032001,40.5948728],[-73.803391,40.5950065],[-73.8032149,40.5951456],[-73.8039084,40.5950048],[-73.8033145,40.5951796],[-73.8036847,40.5951978],[-73.8051119,40.597151],[-73.8047021,40.5976831],[-73.8039334,40.5979435],[-73.8029794,40.5988443],[-73.8016709,40.5988963],[-73.8009487,40.5991517],[-73.800915,40.5993908],[-73.8007765,40.5991624],[-73.8004738,40.5993316],[-73.8004513,40.5991826],[-73.7991288,40.5993734],[-73.7984308,40.5991737],[-73.7955464,40.5994968],[-73.7945726,40.5994207],[-73.793309,40.5999812],[-73.7923312,40.5999693],[-73.7902535,40.6012513],[-73.7878557,40.6031133],[-73.7865034,40.6032502],[-73.7861686,40.6030474],[-73.7871624,40.6023264],[-73.7879299,40.6009953],[-73.7902994,40.5992651],[-73.7911357,40.5971507],[-73.7912427,40.5966265],[-73.7908752,40.5950337],[-73.7904205,40.5947527],[-73.79057,40.5949518],[-73.7908063,40.5960934],[-73.7905944,40.5961084],[-73.7905386,40.5949808],[-73.7901526,40.5947682],[-73.7904248,40.5960539],[-73.7901783,40.5960713],[-73.7901312,40.5948229],[-73.789755,40.5947373],[-73.7899991,40.5962089],[-73.7896987,40.596228],[-73.7896739,40.5948605],[-73.7891208,40.5954263],[-73.78926,40.5969168],[-73.7890683,40.5980199],[-73.7871023,40.5994433],[-73.7866241,40.6000186],[-73.7859711,40.6003165],[-73.7857938,40.6005689],[-73.7861436,40.6006486],[-73.7857801,40.6005933],[-73.7856421,40.6007972],[-73.7859836,40.6009182],[-73.7856328,40.6008164],[-73.7853936,40.601518],[-73.7844823,40.6018001],[-73.7835056,40.6025634],[-73.783128,40.603761],[-73.7839476,40.6048244],[-73.783667,40.6053244],[-73.7804083,40.608426],[-73.7785681,40.6096437],[-73.777279,40.6098491],[-73.7762654,40.609649],[-73.7753516,40.6097374],[-73.7742223,40.6088932],[-73.7742227,40.6086011],[-73.7748144,40.6083996],[-73.7742174,40.6076366],[-73.7746029,40.6074176],[-73.7748489,40.6080248],[-73.7752385,40.6085509],[-73.7760077,40.6091908],[-73.774946,40.6080654],[-73.7745901,40.6072977],[-73.7745845,40.606526],[-73.7751871,40.6045003],[-73.774688,40.6043246],[-73.7749137,40.6041125],[-73.7753761,40.6041573],[-73.7758814,40.6034717],[-73.7760539,40.6027529],[-73.7756064,40.6030458],[-73.7756881,40.6028147],[-73.7764792,40.6024482],[-73.7764899,40.6021717],[-73.777803,40.6009666],[-73.7783687,40.6008388],[-73.7780757,40.6007008],[-73.7781809,40.6003855],[-73.780109,40.6007274],[-73.7819068,40.5991142],[-73.781936,40.5985311],[-73.7813297,40.597753],[-73.7801833,40.5972126],[-73.7801685,40.5968976],[-73.7800572,40.5968775],[-73.7796707,40.5973722],[-73.7774217,40.5988124],[-73.7771985,40.599577],[-73.7760016,40.6013943],[-73.7749721,40.6017445],[-73.7747421,40.6009634],[-73.7744813,40.6009877],[-73.7747472,40.6009498],[-73.7747429,40.6007438],[-73.77412,40.5998814],[-73.7742234,40.5990052],[-73.7737443,40.5986702],[-73.7735855,40.5981205],[-73.7724859,40.5978938],[-73.7716791,40.5979816],[-73.7711285,40.5982987],[-73.7703728,40.5980901],[-73.7694773,40.5982578],[-73.7681229,40.5978244],[-73.7679359,40.5981397],[-73.7682655,40.5983324],[-73.7697007,40.5986401],[-73.7703363,40.5989842],[-73.7709309,40.5988576],[-73.7711605,40.5994225],[-73.7708392,40.6018109],[-73.7701859,40.6027488],[-73.7704204,40.602942],[-73.7701612,40.6030865],[-73.7705652,40.6048404],[-73.7700093,40.6053367],[-73.7698362,40.606278],[-73.7700125,40.6072288],[-73.7697839,40.607927],[-73.7692247,40.6084447],[-73.7690008,40.6093916],[-73.7698182,40.6100879],[-73.771251,40.6103898],[-73.7718466,40.6108242],[-73.7722345,40.6115017],[-73.7734039,40.6110904],[-73.7729627,40.6101528],[-73.7737677,40.6112562],[-73.7739443,40.6121237],[-73.7741718,40.6118297],[-73.773386,40.6136751],[-73.7729676,40.6135594],[-73.7717416,40.613961],[-73.7693309,40.6139745],[-73.7683547,40.6142271],[-73.7666914,40.6142547],[-73.765164,40.6137542]]],[[[-73.7455922,40.7795807],[-73.7468207,40.7793743],[-73.7472448,40.7800763],[-73.7467246,40.7803065],[-73.7455922,40.7795807]]],[[[-73.7442929,40.7787473],[-73.7445463,40.7788547],[-73.7448124,40.7785569],[-73.7450603,40.7791429],[-73.7446138,40.7789474],[-73.7442929,40.7787473]]]]}},{"type":"Feature","id":"5","properties":{"code":"5","name":"Staten Island"},"geometry":{"type":"MultiPolygon","coordinates":[[[[-74.1611124,40.6418355],[-74.161534,40.6441563],[-74.1580975,40.6437576],[-74.1575578,40.6432399],[-74.1585874,40.6424604],[-74.1588109,40.6417586],[-74.159456,40.6414483],[-74.1611124,40.6418355]]],[[[-74.0814223,40.6485047],[-74.0807284,40.6482749],[-74.07981,40.6483833],[-74.0789955,40.6481426],[-74.0765066,40.6469688],[-74.0744528,40.6450675],[-74.0739584,40.6451932],[-74.0735911,40.6449989],[-74.0738565,40.6454248],[-74.0733381,40.6457831],[-74.0736901,40.6453057],[-74.0732385,40.6449639],[-74.0730252,40.6451312],[-74.0730556,40.6448079],[-74.0734259,40.6450006],[-74.0731218,40.6447148],[-74.0727985,40.6449101],[-74.0725878,40.6447909],[-74.0726983,40.6444413],[-74.0716583,40.6450337],[-74.0723092,40.6445778],[-74.0720184,40.6444119],[-74.0722919,40.644266],[-74.0721849,40.6441105],[-74.0718608,40.6442018],[-74.0717565,40.6440118],[-74.0720008,40.6437811],[-74.0716497,40.6437869],[-74.0715968,40.6434602],[-74.0713561,40.6434973],[-74.0714166,40.6431931],[-74.0711311,40.6432053],[-74.0715026,40.6431293],[-74.0716489,40.6426799],[-74.0721843,40.6427141],[-74.0721095,40.6424632],[-74.0703743,40.6426914],[-74.0703292,40.6425261],[-74.0732383,40.6421847],[-74.073144,40.641853],[-74.0702466,40.642207],[-74.070194,40.6420075],[-74.0730869,40.6416368],[-74.0728901,40.6409227],[-74.0700185,40.6412781],[-74.0699835,40.6410689],[-74.0728504,40.6408037],[-74.0727769,40.640529],[-74.0730773,40.6405133],[-74.0730904,40.638619],[-74.0723794,40.6381627],[-74.0726063,40.6381363],[-74.0725728,40.6378719],[-74.0734835,40.6377874],[-74.0733734,40.6366107],[-74.0720948,40.6366473],[-74.0733582,40.6365361],[-74.0729075,40.6336344],[-74.0733282,40.6320584],[-74.0729847,40.630309],[-74.0680217,40.6287876],[-74.0681302,40.628539],[-74.0729118,40.6299964],[-74.0722952,40.6271384],[-74.0731921,40.6270705],[-74.0735269,40.6268632],[-74.0727054,40.6268741],[-74.072255,40.6246088],[-74.0700274,40.6214541],[-74.0664934,40.6188976],[-74.0659607,40.619359],[-74.0664099,40.6188645],[-74.0661991,40.6187225],[-74.0654459,40.6192026],[-74.0666821,40.6180675],[-74.0664156,40.6178725],[-74.0660499,40.6181954],[-74.0656986,40.6179564],[-74.0654655,40.6181071],[-74.0649619,40.6177724],[-74.0642572,40.6181717],[-74.0650991,40.617511],[-74.0644366,40.6170624],[-74.0639089,40.6173288],[-74.0643275,40.6169885],[-74.0637613,40.6167988],[-74.0614396,40.614378],[-74.0603368,40.6119019],[-74.0598544,40.612103],[-74.0601977,40.6127864],[-74.0599992,40.6127839],[-74.0597693,40.6120566],[-74.0602722,40.6118196],[-74.0594757,40.6116905],[-74.0589216,40.6110561],[-74.0590858,40.6106337],[-74.0571638,40.6087428],[-74.0564957,40.6072476],[-74.0555213,40.6064829],[-74.05516,40.6067305],[-74.0550597,40.6062654],[-74.0538107,40.6059127],[-74.0536073,40.6052388],[-74.0540204,40.6049347],[-74.0530333,40.6014665],[-74.053422,40.6005161],[-74.0522298,40.5998239],[-74.0528715,40.5998673],[-74.0544742,40.5987555],[-74.0571937,40.5963951],[-74.0597269,40.5939082],[-74.0596412,40.5937094],[-74.0597666,40.5938353],[-74.0605535,40.5933798],[-74.0621527,40.592025],[-74.0650333,40.588991],[-74.06436,40.5882679],[-74.0647783,40.5884883],[-74.0672228,40.5867344],[-74.0709631,40.583182],[-74.0714918,40.5821688],[-74.0706578,40.5816256],[-74.0714667,40.5820272],[-74.0717764,40.5818765],[-74.0749941,40.5792366],[-74.0733203,40.5784573],[-74.0733612,40.5782755],[-74.0735515,40.5781984],[-74.0734967,40.578328],[-74.0750829,40.5791602],[-74.0757982,40.5783093],[-74.0752345,40.5779988],[-74.0753462,40.577888],[-74.076016,40.5782449],[-74.0768823,40.5776368],[-74.0767375,40.5773725],[-74.0769388,40.5775343],[-74.0773747,40.5772822],[-74.0792632,40.5756713],[-74.0786793,40.5750818],[-74.0793364,40.5756272],[-74.0805029,40.5749805],[-74.085953,40.5702982],[-74.0869126,40.5689858],[-74.0862163,40.5685327],[-74.0872508,40.5690817],[-74.0883044,40.5683299],[-74.0892491,40.5670156],[-74.0899826,40.56738],[-74.0909991,40.5667371],[-74.0940707,40.5627316],[-74.0954237,40.5631546],[-74.0966136,40.5620871],[-74.0981977,40.5598365],[-74.0982903,40.5593326],[-74.0978213,40.5590535],[-74.0987642,40.5594236],[-74.0993803,40.5589642],[-74.0998692,40.5590935],[-74.1007996,40.5583218],[-74.1018464,40.556217],[-74.1018403,40.5559446],[-74.1013542,40.5555833],[-74.1026508,40.5561344],[-74.1030984,40.5559046],[-74.1046594,40.5541205],[-74.1050891,40.5532355],[-74.1048445,40.5530258],[-74.1064282,40.5538534],[-74.1064815,40.5541568],[-74.1073483,40.5541482],[-74.1102846,40.5514964],[-74.1127885,40.5478843],[-74.1130105,40.5477801],[-74.1133834,40.5480734],[-74.1147378,40.5479966],[-74.1154618,40.5475154],[-74.11608,40.5478649],[-74.1165453,40.5478724],[-74.1180413,40.5473066],[-74.1197781,40.5454705],[-74.1216013,40.5452779],[-74.1224996,40.5448581],[-74.1263819,40.5405208],[-74.1307118,40.5345351],[-74.1335644,40.5315112],[-74.136908,40.5292819],[-74.137285,40.5297405],[-74.1382514,40.5296913],[-74.1389289,40.530035],[-74.1391508,40.5315201],[-74.1406109,40.5341306],[-74.1403696,40.5353075],[-74.1400413,40.5354882],[-74.1384365,40.5352192],[-74.1357676,40.5352322],[-74.1339531,40.5355665],[-74.1330261,40.5362403],[-74.1333691,40.5363562],[-74.1330121,40.5362561],[-74.1331612,40.536374],[-74.1329427,40.536322],[-74.1311955,40.5378724],[-74.1315256,40.5377185],[-74.1312927,40.5379567],[-74.1318139,40.5383074],[-74.1321124,40.5380523],[-74.1316977,40.5378571],[-74.1318463,40.5377346],[-74.1321356,40.5380331],[-74.1324244,40.537775],[-74.1319118,40.5375328],[-74.1320795,40.537395],[-74.132453,40.5377603],[-74.1327548,40.5375045],[-74.132236,40.5372626],[-74.132398,40.5371189],[-74.132776,40.537484],[-74.1330745,40.5372291],[-74.1325579,40.5369914],[-74.1327356,40.5368545],[-74.1330946,40.537212],[-74.1333919,40.536958],[-74.1328744,40.5367196],[-74.1330351,40.5365749],[-74.13341,40.5369397],[-74.1338605,40.536598],[-74.1299693,40.5399678],[-74.1302087,40.5397027],[-74.1296838,40.5394717],[-74.1298456,40.5393269],[-74.1302275,40.5396837],[-74.1305216,40.5394256],[-74.1300027,40.5391724],[-74.1301694,40.5390329],[-74.1305418,40.5394093],[-74.1308391,40.5391476],[-74.1303224,40.5389005],[-74.1304853,40.5387589],[-74.1308592,40.5391313],[-74.1311533,40.5388736],[-74.1306543,40.5386173],[-74.1307997,40.5384925],[-74.1311744,40.5388552],[-74.1314742,40.5385983],[-74.1309751,40.5383417],[-74.1311196,40.5382189],[-74.1314974,40.5385814],[-74.1317935,40.538326],[-74.1311647,40.5379001],[-74.1281333,40.540553],[-74.127429,40.541881],[-74.1275407,40.5430624],[-74.12767,40.5433813],[-74.1279283,40.5433732],[-74.1275666,40.5434993],[-74.1279897,40.5434843],[-74.1278189,40.5435644],[-74.1280851,40.5439611],[-74.1295459,40.5455757],[-74.1307265,40.5462552],[-74.1329154,40.5468144],[-74.1349805,40.5466773],[-74.1364115,40.5462524],[-74.1365161,40.5459147],[-74.1370963,40.5459522],[-74.1371799,40.5457929],[-74.1361154,40.5450198],[-74.1363838,40.5448547],[-74.1371929,40.5457843],[-74.1375083,40.5455776],[-74.1365891,40.5448455],[-74.1368735,40.5446826],[-74.1367489,40.5447826],[-74.1379497,40.5460003],[-74.1388695,40.5451302],[-74.1376243,40.5442536],[-74.1377562,40.5441449],[-74.1387553,40.544934],[-74.1390197,40.5447156],[-74.137868,40.5440525],[-74.1380435,40.5439046],[-74.1390331,40.5447049],[-74.1395394,40.5442951],[-74.1391454,40.5445096],[-74.1394207,40.5442059],[-74.1392877,40.5441166],[-74.1389745,40.5443761],[-74.1392203,40.5440667],[-74.1390827,40.5439682],[-74.1388757,40.5442436],[-74.1387281,40.54413],[-74.1390775,40.5439602],[-74.1388346,40.5437914],[-74.1385858,40.5441046],[-74.1384154,40.5439784],[-74.1388233,40.5437841],[-74.13854,40.5435879],[-74.1382796,40.5438667],[-74.1381507,40.543772],[-74.1385265,40.5435785],[-74.1383415,40.5435518],[-74.1385228,40.5434016],[-74.1395697,40.5442723],[-74.139837,40.5440525],[-74.1387063,40.5432914],[-74.1389064,40.5431318],[-74.1387714,40.5432913],[-74.1390367,40.543227],[-74.1389836,40.5433844],[-74.1396764,40.543889],[-74.139889,40.5437525],[-74.1397035,40.5439088],[-74.1398653,40.5440268],[-74.1400128,40.5438304],[-74.1403857,40.5440332],[-74.1403285,40.5438021],[-74.1392199,40.5431661],[-74.1394081,40.5430166],[-74.1402957,40.5436405],[-74.1401264,40.5435134],[-74.1402873,40.5433851],[-74.1393613,40.5428259],[-74.1395368,40.5426822],[-74.1403063,40.5433671],[-74.1406272,40.543113],[-74.1396317,40.5425411],[-74.1398586,40.5423572],[-74.1406461,40.5430942],[-74.1408452,40.5429388],[-74.1413243,40.5430941],[-74.1401651,40.5423662],[-74.1403353,40.5422282],[-74.1402072,40.5423652],[-74.1414107,40.5430224],[-74.1410789,40.5427912],[-74.1413355,40.5425888],[-74.1402629,40.5419615],[-74.1404958,40.5420609],[-74.14068,40.5419086],[-74.1406192,40.542056],[-74.141349,40.5425775],[-74.1412944,40.5423359],[-74.141481,40.5424677],[-74.1413485,40.5422905],[-74.1415496,40.5424106],[-74.1417972,40.5422004],[-74.1408945,40.5415711],[-74.1406398,40.5416945],[-74.1409582,40.5414321],[-74.1418731,40.5421667],[-74.1416723,40.5423355],[-74.142289,40.5422686],[-74.1424766,40.5413337],[-74.1417766,40.5400885],[-74.1420046,40.539568],[-74.1417289,40.5393395],[-74.1423035,40.53907],[-74.1417659,40.538542],[-74.1422651,40.5381404],[-74.1418379,40.5384216],[-74.1422299,40.5381145],[-74.1421672,40.5379328],[-74.1412187,40.537254],[-74.1410416,40.5373469],[-74.1412983,40.5371382],[-74.1421857,40.5379178],[-74.1423896,40.5377533],[-74.1415829,40.5370876],[-74.1438339,40.5371369],[-74.1447407,40.535801],[-74.1454337,40.5358231],[-74.1460201,40.5355535],[-74.1459967,40.5353904],[-74.1466965,40.5354143],[-74.1492173,40.5342416],[-74.1497772,40.5338879],[-74.1497585,40.5334243],[-74.1506955,40.5325458],[-74.1511203,40.5327414],[-74.1518534,40.532164],[-74.1524566,40.5320679],[-74.1540011,40.5308316],[-74.1538983,40.5306738],[-74.1541038,40.5307608],[-74.1546281,40.5303543],[-74.1545436,40.5300621],[-74.1549289,40.5302255],[-74.1556478,40.529643],[-74.1555036,40.529438],[-74.1557315,40.5296009],[-74.15599,40.5294196],[-74.1564487,40.5289318],[-74.1561873,40.5286114],[-74.1566711,40.5289933],[-74.1570186,40.5289777],[-74.158261,40.5283005],[-74.1579724,40.5280671],[-74.1583265,40.5282784],[-74.1597013,40.527296],[-74.1603043,40.5275557],[-74.1615822,40.5270135],[-74.162272,40.5271943],[-74.1699971,40.5230458],[-74.1705079,40.5230487],[-74.1712868,40.5234578],[-74.1726967,40.5229687],[-74.1760125,40.520876],[-74.177583,40.5192309],[-74.1783188,40.5199458],[-74.1792438,40.5199842],[-74.1798102,40.5205523],[-74.1810519,40.5206633],[-74.1824346,40.5203182],[-74.1848312,40.5193414],[-74.1865673,40.5181158],[-74.1884987,40.5163127],[-74.1892688,40.515345],[-74.188843,40.5150872],[-74.1897122,40.5153204],[-74.1934432,40.5115673],[-74.1940964,40.5106412],[-74.1952134,40.5099777],[-74.1964994,40.5099235],[-74.1986083,40.511197],[-74.1996721,40.5114269],[-74.2000593,40.5126194],[-74.1989257,40.5127773],[-74.1990731,40.5130839],[-74.1999566,40.5129302],[-74.200829,40.5130307],[-74.2075687,40.5118562],[-74.2096879,40.5107974],[-74.20919,40.5104991],[-74.209322,40.5103986],[-74.2097137,40.5107777],[-74.2098534,40.5106719],[-74.2117918,40.5081733],[-74.2133817,40.5067663],[-74.2135313,40.5063975],[-74.2138553,40.506607],[-74.2143425,40.5065189],[-74.2151082,40.5060598],[-74.2175824,40.5033414],[-74.2197702,40.5027427],[-74.2230466,40.5024782],[-74.2250023,40.5017703],[-74.2272941,40.5022975],[-74.2297158,40.5020857],[-74.2303389,40.5018042],[-74.230554,40.5019469],[-74.2312444,40.5018269],[-74.233599,40.5009125],[-74.235265,40.500606],[-74.2367885,40.5000008],[-74.2376677,40.4991233],[-74.2385132,40.4988961],[-74.2398485,40.497583],[-74.244328,40.4975467],[-74.2454894,40.4970448],[-74.246761,40.496134],[-74.2483745,40.4963306],[-74.2497172,40.496886],[-74.2508549,40.4980062],[-74.2511041,40.4989342],[-74.2525998,40.4996431],[-74.2531612,40.5001254],[-74.2552341,40.5039346],[-74.2555319,40.5078612],[-74.2546286,40.5086748],[-74.2549813,40.5087712],[-74.2549729,40.5088057],[-74.2546185,40.5086839],[-74.2539975,40.5089703],[-74.2543145,40.5094137],[-74.2540207,40.509273],[-74.2536891,40.5094256],[-74.2546465,40.5098262],[-74.2545262,40.509973],[-74.2536481,40.5094705],[-74.2533158,40.5098615],[-74.2530639,40.5110553],[-74.2532581,40.5110887],[-74.2530085,40.511194],[-74.2535269,40.5116778],[-74.2530364,40.5114332],[-74.2530895,40.512122],[-74.251952,40.512997],[-74.2521259,40.5137104],[-74.2513533,40.5143929],[-74.2501117,40.5150448],[-74.2505553,40.5157163],[-74.2501563,40.5153612],[-74.2498882,40.5155215],[-74.2505601,40.5161067],[-74.2504154,40.5161883],[-74.2493566,40.5150059],[-74.2492153,40.5150849],[-74.2499416,40.5161375],[-74.249431,40.5156879],[-74.2486476,40.5161126],[-74.2487596,40.5163562],[-74.2485459,40.5161699],[-74.2482842,40.5164869],[-74.2489462,40.5171945],[-74.2494077,40.5169808],[-74.2485145,40.5174756],[-74.2489191,40.5172084],[-74.2475181,40.5157359],[-74.2469305,40.5160665],[-74.2464404,40.515965],[-74.2461286,40.5161374],[-74.24675,40.5164956],[-74.2465104,40.5166699],[-74.2469956,40.5171821],[-74.246479,40.5166873],[-74.2465368,40.51696],[-74.2463497,40.5167534],[-74.2452086,40.5172897],[-74.2456699,40.5177897],[-74.2456347,40.5180756],[-74.245088,40.5180668],[-74.2442984,40.518515],[-74.2436523,40.5182946],[-74.2423248,40.5183265],[-74.2410312,40.5195425],[-74.2404907,40.5191916],[-74.2398226,40.5200907],[-74.2407328,40.5205692],[-74.2411729,40.5210601],[-74.2413322,40.5208945],[-74.2429324,40.5212272],[-74.2425838,40.5221986],[-74.2428016,40.5240073],[-74.2433579,40.5248189],[-74.243965,40.5249054],[-74.2433388,40.5258538],[-74.2428867,40.5272973],[-74.2428867,40.5282001],[-74.2425103,40.5284459],[-74.2422453,40.5298228],[-74.2415073,40.5310413],[-74.2418106,40.5325627],[-74.242178,40.5325761],[-74.242282,40.5333875],[-74.2419646,40.5336337],[-74.2420457,40.5343464],[-74.2436967,40.5360801],[-74.244125,40.5361963],[-74.2441478,40.5368814],[-74.2445875,40.5369329],[-74.2449369,40.5366639],[-74.2453365,40.536906],[-74.2444275,40.5380164],[-74.2453938,40.5395517],[-74.2456021,40.5409496],[-74.2464861,40.5422134],[-74.2476778,40.5431254],[-74.2480346,40.5430932],[-74.2461374,40.5456964],[-74.2433635,40.5478651],[-74.2435845,40.547624],[-74.2429359,40.5471132],[-74.2422032,40.5469487],[-74.2403918,40.5476633],[-74.2383719,40.5491416],[-74.2376196,40.5501235],[-74.2364146,40.5505082],[-74.2361647,40.5514294],[-74.236508,40.5520273],[-74.2363996,40.5523353],[-74.2348987,40.5530052],[-74.2337776,40.5525142],[-74.233324,40.5525091],[-74.2322911,40.5533637],[-74.2319333,40.5541498],[-74.2307104,40.5555576],[-74.2302495,40.5553867],[-74.2293195,40.5554916],[-74.2290516,40.5561071],[-74.2283321,40.5563904],[-74.2274368,40.5560385],[-74.2264049,40.5562557],[-74.2239033,40.5558971],[-74.2238642,40.5560977],[-74.2234427,40.5560466],[-74.2237861,40.5558803],[-74.2231613,40.5557871],[-74.2225749,40.5554062],[-74.2217986,40.5554171],[-74.2215701,40.555649],[-74.2212986,40.5553662],[-74.2208672,40.5559402],[-74.2202971,40.5555979],[-74.2201063,40.5549288],[-74.2197436,40.5546127],[-74.2190806,40.554847],[-74.219337,40.5556914],[-74.2192172,40.555797],[-74.2189583,40.5548576],[-74.2185933,40.5546742],[-74.2187504,40.5560277],[-74.2177534,40.5550053],[-74.2160425,40.5555441],[-74.2147405,40.5562424],[-74.2149926,40.5567949],[-74.2146234,40.5569134],[-74.2137647,40.5563969],[-74.2132746,40.5566249],[-74.2120102,40.558357],[-74.2117562,40.5591248],[-74.2119703,40.5592977],[-74.2118804,40.5595969],[-74.211169,40.5604863],[-74.2113401,40.5612304],[-74.211096,40.5621315],[-74.21138,40.5634922],[-74.2095347,40.567928],[-74.2088666,40.5689098],[-74.2089264,40.5696243],[-74.2080171,40.570518],[-74.2081685,40.5707194],[-74.2078356,40.57261],[-74.207078,40.5742663],[-74.2072843,40.5752545],[-74.2068121,40.575922],[-74.2070892,40.5763056],[-74.2065804,40.5766527],[-74.2068083,40.5771796],[-74.2063234,40.5775388],[-74.2059173,40.5786166],[-74.2059926,40.5804104],[-74.2050814,40.5815995],[-74.2050885,40.5822082],[-74.2044008,40.5837129],[-74.2046339,40.5843232],[-74.2043643,40.5846341],[-74.2044147,40.5855237],[-74.2041194,40.5858955],[-74.2045807,40.5882176],[-74.204122,40.5888815],[-74.204323,40.5891366],[-74.2047053,40.5887724],[-74.2044355,40.5892184],[-74.2046461,40.5892857],[-74.2038589,40.5902495],[-74.2038855,40.5897861],[-74.2026587,40.5907221],[-74.2023776,40.5906447],[-74.2020141,40.5908958],[-74.2024678,40.5908388],[-74.2030525,40.5911405],[-74.2020273,40.5909991],[-74.2021238,40.5912533],[-74.2018409,40.5916365],[-74.2020035,40.5917808],[-74.2023028,40.5914693],[-74.2023165,40.591524],[-74.2009254,40.5928664],[-74.2004713,40.5928118],[-74.1997406,40.5935647],[-74.1993621,40.5940941],[-74.1994834,40.5943209],[-74.1987323,40.5950118],[-74.19795,40.5964704],[-74.1975136,40.596799],[-74.1973062,40.5980595],[-74.1987596,40.601712],[-74.2001487,40.6036834],[-74.2013853,40.604637],[-74.2022185,40.6059697],[-74.2028163,40.6082708],[-74.2023018,40.6118756],[-74.2024437,40.6132847],[-74.2004532,40.616328],[-74.2009142,40.6177988],[-74.2008748,40.6181004],[-74.2005416,40.6179976],[-74.200352,40.6183422],[-74.2008399,40.6188043],[-74.2006807,40.6191685],[-74.20107,40.6203815],[-74.2005059,40.6202997],[-74.200428,40.6204954],[-74.2008733,40.6205912],[-74.2014324,40.6216126],[-74.2012753,40.6226883],[-74.2015455,40.6226981],[-74.201632,40.6231216],[-74.2010766,40.6240783],[-74.2010608,40.6258952],[-74.2011825,40.6261102],[-74.2014167,40.6260705],[-74.2009863,40.6293441],[-74.2004257,40.6298212],[-74.2004081,40.6302501],[-74.2007727,40.630249],[-74.2007917,40.6303501],[-74.2004031,40.6302924],[-74.2001846,40.6313287],[-74.20043,40.6313591],[-74.2004005,40.6314595],[-74.2001727,40.6313611],[-74.1986225,40.6327375],[-74.1980296,40.6327709],[-74.1980252,40.6330292],[-74.197344,40.6329981],[-74.1967853,40.6333922],[-74.1968787,40.6337614],[-74.1963103,40.6340542],[-74.196029,40.6349958],[-74.1955769,40.6350042],[-74.195307,40.6352339],[-74.195201,40.6357079],[-74.1944226,40.6365821],[-74.1945421,40.63707],[-74.1947869,40.6371315],[-74.1946231,40.6373912],[-74.1939731,40.6373091],[-74.1935832,40.6374691],[-74.1937196,40.6375668],[-74.186525,40.6433887],[-74.1862321,40.6431874],[-74.185909,40.6436314],[-74.1851143,40.6438062],[-74.1852479,40.6439435],[-74.1848359,40.6441283],[-74.1841132,40.6435301],[-74.1843705,40.6430996],[-74.1836507,40.6422396],[-74.1840261,40.6431004],[-74.1838458,40.6432662],[-74.1832421,40.6429637],[-74.1838004,40.6444319],[-74.1836675,40.6446105],[-74.1828893,40.6448003],[-74.1811843,40.6445862],[-74.1808721,40.6448514],[-74.1804817,40.6442789],[-74.1800408,40.6442881],[-74.1799651,40.645267],[-74.1797299,40.6443807],[-74.1793312,40.6444005],[-74.1792512,40.6450419],[-74.1790747,40.6446465],[-74.1790356,40.6433948],[-74.1794048,40.643129],[-74.1795871,40.6419177],[-74.1791873,40.6429875],[-74.1782566,40.6421292],[-74.1783413,40.6425895],[-74.1778124,40.6425998],[-74.1776864,40.6429486],[-74.1772112,40.6431228],[-74.1768239,40.6428591],[-74.1767049,40.6424169],[-74.1763579,40.6423272],[-74.1766872,40.6425521],[-74.176668,40.6433868],[-74.1759818,40.6434636],[-74.1756025,40.6433113],[-74.1754717,40.6441231],[-74.1756847,40.6447103],[-74.1754669,40.6446465],[-74.1752969,40.6450751],[-74.1743657,40.6451363],[-74.1729412,40.6442045],[-74.1730015,40.6435854],[-74.1723617,40.6432563],[-74.1727215,40.6429485],[-74.1719633,40.6428581],[-74.1715081,40.6431344],[-74.1713359,40.6428558],[-74.1718604,40.6425229],[-74.1714788,40.6417025],[-74.1715872,40.6410296],[-74.1720232,40.6409892],[-74.172939,40.6405796],[-74.1729799,40.6404861],[-74.1715699,40.6410115],[-74.1713738,40.642085],[-74.1710502,40.6425938],[-74.1711926,40.6417396],[-74.1702864,40.6417753],[-74.1700788,40.6420862],[-74.169153,40.6418729],[-74.1690643,40.64213],[-74.1665338,40.6414226],[-74.1660999,40.6424066],[-74.1663189,40.6414367],[-74.1658011,40.6412245],[-74.1656341,40.6412144],[-74.1654431,40.6422805],[-74.1649414,40.642209],[-74.1651904,40.6406423],[-74.1647343,40.6403915],[-74.1644146,40.6413968],[-74.1645966,40.6403157],[-74.1641689,40.6399941],[-74.1640018,40.6410659],[-74.1640473,40.6399467],[-74.1638498,40.6398915],[-74.1634545,40.6398566],[-74.1632458,40.6409574],[-74.162805,40.6410382],[-74.1616753,40.6406108],[-74.1622847,40.6387657],[-74.1618186,40.6386463],[-74.1614492,40.6394283],[-74.1616601,40.638665],[-74.1612402,40.638595],[-74.1609049,40.6393861],[-74.1607365,40.639351],[-74.1610816,40.6385678],[-74.1603482,40.6384437],[-74.1598641,40.6399278],[-74.1602247,40.6383391],[-74.159857,40.6387292],[-74.1593195,40.6378104],[-74.1590562,40.6380393],[-74.1590096,40.6388226],[-74.158933,40.638264],[-74.1578926,40.6379651],[-74.1577335,40.638879],[-74.1577737,40.6379572],[-74.1561028,40.6379396],[-74.1561149,40.6375307],[-74.1556986,40.6375179],[-74.1556852,40.6377875],[-74.1548293,40.6377239],[-74.1546926,40.639194],[-74.1545967,40.6373433],[-74.1542527,40.6371723],[-74.152797,40.6371328],[-74.152697,40.6376418],[-74.1522181,40.6376926],[-74.1522979,40.6382743],[-74.1520464,40.6376672],[-74.1511955,40.6377308],[-74.1513952,40.6393965],[-74.1511297,40.6385007],[-74.1505564,40.6385593],[-74.1494358,40.6374023],[-74.1494188,40.6382916],[-74.1491942,40.6386683],[-74.1488818,40.6387052],[-74.1485582,40.6374378],[-74.1487779,40.6388763],[-74.1460217,40.6390945],[-74.1460573,40.6392293],[-74.1451928,40.6393785],[-74.1438616,40.638888],[-74.143361,40.6397098],[-74.142388,40.6396412],[-74.1422977,40.6403058],[-74.1415562,40.6403668],[-74.1414805,40.6400922],[-74.1407625,40.6405894],[-74.1375757,40.6410012],[-74.13737,40.6412955],[-74.1343527,40.6418868],[-74.1329917,40.6414169],[-74.1324028,40.6417044],[-74.1312558,40.6415968],[-74.131462,40.6413101],[-74.130325,40.6407785],[-74.1301232,40.6410165],[-74.1301837,40.6407238],[-74.1296779,40.6413853],[-74.1294906,40.6413548],[-74.1299774,40.6407299],[-74.1293071,40.6403374],[-74.1292298,40.6404844],[-74.128933,40.6404139],[-74.1289073,40.6411948],[-74.128812,40.640227],[-74.1275268,40.6401553],[-74.1270274,40.6393191],[-74.1270536,40.6402417],[-74.1264482,40.640378],[-74.1260698,40.6402545],[-74.1263681,40.6413324],[-74.1256403,40.6414185],[-74.1261328,40.6412644],[-74.1259954,40.6402312],[-74.1241558,40.6401347],[-74.1228563,40.6408205],[-74.1226036,40.6405971],[-74.1229072,40.6410193],[-74.1228257,40.6412939],[-74.1218415,40.6414059],[-74.1219908,40.6415546],[-74.1218066,40.6414122],[-74.1217791,40.6415925],[-74.1215534,40.6416116],[-74.1217238,40.6414287],[-74.1213262,40.6416066],[-74.1213119,40.6414525],[-74.1211725,40.6416691],[-74.1212807,40.6414325],[-74.1210773,40.6416074],[-74.1211804,40.6413834],[-74.1207132,40.6410458],[-74.1199348,40.6411976],[-74.1196072,40.6413803],[-74.119957,40.6422095],[-74.1195299,40.6414699],[-74.1190972,40.6414735],[-74.1194003,40.6423794],[-74.1190035,40.6414646],[-74.1186164,40.6415304],[-74.1188362,40.6425419],[-74.1184019,40.6415298],[-74.1179173,40.6418259],[-74.1176985,40.6415431],[-74.117121,40.6416679],[-74.1172241,40.6418441],[-74.1167219,40.6420318],[-74.1172247,40.6430274],[-74.1166661,40.6421068],[-74.1163,40.6422027],[-74.1166704,40.6431898],[-74.1161421,40.6422165],[-74.1153508,40.6424705],[-74.1137967,40.6436095],[-74.1139509,40.6441366],[-74.1128881,40.6445324],[-74.1138571,40.644076],[-74.1136537,40.6436876],[-74.1133302,40.6437235],[-74.1111613,40.6450964],[-74.1117253,40.6446594],[-74.1097393,40.6454637],[-74.1047222,40.6455637],[-74.1041236,40.6457404],[-74.1001322,40.6450641],[-74.0988007,40.645047],[-74.0984998,40.6453704],[-74.0960456,40.6453727],[-74.0929883,40.6459728],[-74.0893975,40.6473104],[-74.0876744,40.6482353],[-74.0857075,40.6488806],[-74.084844,40.6488911],[-74.0822127,40.6482802],[-74.0814223,40.6485047]]],[[[-74.0540604,40.5771164],[-74.0548978,40.5777824],[-74.0548456,40.5799458],[-74.0536863,40.5805488],[-74.0529319,40.5799025],[-74.0531404,40.5777027],[-74.0540604,40.5771164]]],[[[-74.0499835,40.5663959],[-74.0493164,40.5658877],[-74.0492363,40.5653627],[-74.0500262,40.5653182],[-74.050906,40.5660943],[-74.0506792,40.5663108],[-74.0510716,40.5667225],[-74.0505081,40.566422],[-74.0499835,40.5663959]]]]}}]}
